1910,4 Pillars Nanaimo Debt Relief,Finance,501 - 65 Front Street,Nanaimo,BC,V9R 5H9,(250) 740-1226,1-888-573-9298,http://nanaimodebtfree.ca
252,565098 BC Ltd.,Legal Services,DBA Fabris McIver Hornquist & Radcliffe,Nanaimo,BC,V9R 5M2,(250) 753-6661,(250) 753-6648,http://www.fabris-law.com/
5636,250 Plumber,"Construction, Materials, Contractors",6304 Thyme Place,Nanaimo,BC,V9V 1M1,(250) 758-6237,N/A,https://250plumber.com
2045,460 Realty Inc.,Real Estate & Property Management,202-1551 Estevan Rd.,Nanaimo,BC,V9S 3Y3,(250) 591-4601,(250) 591-4602,http://www.460realty.com/
1581,432841 BC Ltd - Garry Revesz,"Restaurants, Food & Beverage",#313 - 150 Promenade Drive,Nanaimo,BC,V9R 6M6,(250) 714-0759,N/A,N/A
888,3D Geomatics Inc.,"Construction, Materials, Contractors",2 - 2232 Wilgress Rd.,Nanaimo,BC,V9S 4N4,(250) 756-4500,(250) 756-4501,http://www.3dgeomatics.com
5671,3L Developments Inc,Real Estate,340 Berray Road,Fanny Bay,BC,V0R1W0,(250) 335-1013,N/A,http://www.3ldevelopments.com
5792,N/A,N/A,N/A,Nanaimo,BC,V9S 1H8 ,N/A,N/A,N/A
1525,A.C.E. Courier,Professional Services,85 Tenth St.,Nanaimo,BC,V9R 6R6,(250) 741-1401,(250) 741-1412,http://www.acecourier.bc.ca
9,Able Recognition Ltd.,Professional Services,A - 1609 Bowen Rd.,Nanaimo,BC,V9S 1G5,(250) 753-4444,(250) 753-4406,http://www.ablerecognition.com
10,AC Taxi,Automotive,835 Old Victoria Rd.,Nanaimo,BC,V9R 5Z9,(250) 753-1231,(250) 754-6260,http://www.actaxi.ca
11,Academy of Learning Career College,Education,7-1551 Estevan Rd.,Nanaimo,BC,V9S 3Y3,(250) 753-4220 ex 1,(250) 753-4295,http://www.academyoflearning.com
2190,Adam Hawryluk - DLC Canadian Mortgage Experts,Real Estate & Property Management,#5-1200 Princess Royal Ave,Nanaimo,BC,V9S 3Z7,(250) 619-5274,(250) 754-5557,http://www.nanaimomortgageexpert.ca
2201,Adrians RV Repairs Ltd.,Automotive,D-690 Comox Rd.,Nanaimo,BC,V9R 3J3,(250) 591-2091,(250) 591-2092,https://www.adrianrvrepairs.ca
1030,Aegis Document Services,Professional Services,1970 BOLLINGER ROAD,Nanaimo,BC,V9S 5W8,(250) 756-9459,N/A,http://www.aegisdocuments.com
1497,Affirmative Financial Corp.,Finance,501B - 65 Front St.,Nanaimo,BC,V9R 5H9,(250) 740-1227,(250) 754-3599,http://www.affirmativefinancial.ca
1107,AGS Business Systems Inc.,Professional Services,1 - 1850 Northfield Rd.,Nanaimo,BC,V9S 3B3,(250) 756-5611,(250) 756-5633,http://www.agscanada.com
3413,Alair Homes Nanaimo,"Construction, Materials, Contractors",96 Wallace Street,Nanaimo,BC,V9R 6R8,250-619-4646,N/A,http://www.alairhomes.ca
23,Alliance Business Solutions Inc,Professional Services,2219C McGarrigle Rd,Nanaimo,BC,V9S 4M4,(250) 751-1770,(250) 751-3068,N/A
3276,Anchorage Holdings Co Ltd.,Marine,1-2350 Dorman Rd.,Nanaimo,BC,V9S 5G2,(250) 754-5585,(250) 754-7144,http://www.marinepartssupply.com
686,Apple Auto Glass,Automotive,"Unit H, 11 Cliff St.",Nanaimo,BC,V9R 5E6,(250) 755-1440,(250) 755-1441,http://www.appleautoglass.com
38,Aspengrove School,Education,7660 Clark Dr.,Lantzville,BC,V0R 2H0,(250) 390-2201,(250) 390-2281,http://www.aspengroveschool.ca
3301,Astera's Greek Taverna,"Restaurants, Food & Beverage",347 Wesley Street,Nanaimo,BC,V9R 3A7,(250) 716-0451,N/A,http://www.asteras.ca/
1518,Auto Check Automotive Ltd.,Automotive,605 Bowen Rd.,Nanaimo,BC,V9R 1Z9,(250) 714-1997,N/A,http://www.autocheckauto.ca
1774,Ayers Repairs Ltd.,Automotive,2938 Kilpatrick Rd.,Nanaimo,BC,V9R 6W6,(250) 754-9613,(250) 754-9612,http://www.ayers-repairs.ca
3409,A-Z Germ Protector Inc.,Health Care & Personal Services,PO Box 41032,Nanaimo,BC,V9T 6M7,(250) 740-7247,N/A,http://www.germprotector.ca
5822,Accessible You,"Construction, Materials, Contractors",1024 Thunderbird Dr,Nanaimo,BC,V9S 2N8,(250) 581-7667,N/A,http://AccessibleYou.ca
3446,Achieve Balance Holistic Health,Health Care & Personal Services,8A - 6421 Applecross Road,Nanaimo,BC,V9V 1N1,(250) 816-5543,N/A,http://abholistichealth.com
3460,Advanced Automatic Doors Ltd,"Construction, Materials, Contractors",5422 Dunster Rd,Nanaimo,BC,V9T 4M8,250-729-9646,(250) 729-9617,http://www.advancedautomaticdoors.com
5597,Alexis Petersen,Individual,643 6th Street,Nanaimo,BC,V9R 1J7,(250) 668-7346,N/A,N/A
4508,Alkan Air,Travel & Accommodation,3250 Mustang Road,Cassidy,BC,N/A,(250) 924-2107,N/A,http://alkanair.com
5758,Anytime Fitness,Health Care & Personal Services,"250 - 2000 Island Hwy, Nanaimo, BC, Cana",Nanaimo,BC,V9S 5W3,(778) 762-5454,N/A,https://www.anytimefitness.com/gyms/4739/nanaimo-bc-v9s-5w3/
5680,Ardent Properties Inc.,Real Estate & Property Management,371 Franklyn Street,Nanaimo,BC,V9R2X5,(250) 753-0881,(250) 753-5451,http://www.ardentproperties.com
5650,Arrowsmith Media,Advertising & Media,498 Menzies Ridge Drive,Nanaimo,BC,V9R 0C4,(250) 797-6420,N/A,http://www.arrowsmithmedia.com
1189,Artez Photography Corporation,Photography & Videography,6430 Dover Rd.,Nanaimo,BC,V9V 1A7,(250) 668-7764,(250) 390-1831,http://www.artezphoto.com
5655,Audi Nanaimo,Automotive,2468 Kenworth Road,Nanaimo,BC,V9T 3Y3,(250) 585-2834,N/A,http://https://www.audinanaimo.com
5831,Axe & Grind Axe Throwing Club Ltd.,Sports & Recreation,225 Terminal Avenue,Nanaimo,BC,V9R 5C7,7784410555,N/A,http://https://www.axeandgrind.org/
4507,Aztec Off Grid Solutions,Retail,3076 Barons Road,Nanaimo,BC,V9T 4B5,(250) 585-8987,N/A,http://www.aztecoffgrid.com
1150,Baker Supply Ltd.,Automotive,33 Cliff St.,Nanaimo,BC,V9R 5E6,(250) 754-6315,(250) 754-7215,N/A
1339,Baker Trimmer Chartered Accountants,Accounting  & Bookkeeping,8 - 4800 Island Hwy. N.,Nanaimo,BC,V9T 1W6,(250) 751-8848,(250) 751-8827,N/A
1533,Bastion Jewellers,Retail,143 Commercial St.,Nanaimo,BC,V9R 5G5,(250) 754-4531,(250) 754-4531,http://www.bastionjewellers.com
57,BC Ferry Services Inc.,Travel & Accommodation,Suite 500 - 1321 Blanshard St.,Victoria,BC,V8W 0B7,(250) 978-2385,(250) 978-1119,http://www.bcferries.com
59,BC SPCA Nanaimo & District Branch,Community Service,154 Westwood Road,Nanaimo,BC,V9R 0G9,(250) 741-0778,(250) 758-5424,http://www.spca.bc.ca/nanaimo
60,BCAA Auto Service Center,Automotive,#400 - 6581 Aulds Rd,Nanaimo,BC,V9T 6J6,(250) 390-7702,(250) 390-7739,http://bcaa.com
1135,Bekins Moving & Storage,Moving & Storage,"PO Box 182, 1010 Shearme Rd.",Coombs,BC,V0R 1M0,(250) 248-8805,(250) 248-9688,http://www.bekins.ca
69,Bella Donna Esthetics / Bodacious by Lisa,Health Care & Personal Services,891 Millstone Ave.,Nanaimo,BC,V9S 5B4,(250) 754-1113,(250) 754-4320,http://www.bodaciousbylisa.com
1361,Benson View Veterinary Hospital,Pets,2450 Hayes Rd.,Nanaimo,BC,V9T 3M3,(250) 758-9121,(250) 758-0539,http://bensonviewvet.com/
70,Berk's Intertruck Ltd,Automotive,2230 McCullough Rd,Nanaimo,BC,V9S 4M8,(250) 758-5217,(250) 758-1444,http://www.berksintertruck.com
72,Berwick on the Lake,Community Service,3201 Ross Road,Nanaimo,BC,V9T 6L9,(250) 729-7995,(250) 729-7996,http://www.berwickrc.com
3372,Best Version Media,Advertising & Media,Neighbours of Nanoose Bay/Neighbours of Hammond Bay,N/A,N/A,N/A,(250) 756-0069/(250) 713-5223,N/A,http://www.bestversionmedia.com
1537,BEST WESTERN Dorchester Hotel,Travel & Accommodation,70 Church St.,Nanaimo,BC,V9R 5H4,(250) 754-6835,(250) 754-7286,http://www.dorchesternanaimo.com
857,Best Western Northgate Inn,Travel & Accommodation,6450 Metral Dr.,Nanaimo,BC,V9T 2L8,(250) 390-2222,(250) 390-2412,http://www.bwnorthgate.com
3305,Bethlehem Centre,Travel & Accommodation,2371 Arbot Rd,Nanaimo ,BC,V9R 6S9,(250)754-3254,N/A,http://www.bethlehemcentre.com
74,Better Business Bureau VI,Community Service,220-1175 Cook St.,Victoria,BC,V8V 4A1,(250) 386-6348,(250) 386-2367,http://www.vi.bbb.org
5825,N/A,N/A,300-60 Commercial St.,Nanaimo,BC,V9R 5G4,(250) 591-3230,N/A,N/A
85,BMO Bank of Montreal (North Nanaimo),Banking,6908 Island Hwy N,Nanaimo,BC,V9V 1P6,(250) 390-6742,(250) 390-5086,http://www.bmo.com
86,BMO Bank of Montreal (Terminal Park Branch),Banking,1533 Estevan Rd,Nanaimo,BC,V9S 3Y3,(250) 716-7560,(250) 753-1365,http://www.bmo.com
2098,Bonaventure Support Services Ltd.,Community Service,4196 Unit B Departure Bay Road,Nanaimo,BC,V9T 4B7,(250) 585-1437,(250) 585-6665,http://www.bonaventuresupport.com
88,Boys & Girls Clubs of Central Vancouver Island,Community Service,2290 Bowen Road,Nanaimo,BC,V9T 3K7,(250) 754-3215,(250) 754-4771,http://www.bgccvi.com
751,Brady's Powder Coating Ltd.,Automotive,1607 Woobank Rd,Nanaimo,BC,V9X 1M8,(250) 722-3348,(250) 722-3354,http://www.thepowdercoaters.com
3431,Brand Name Blinds,"Construction, Materials, Contractors",191 Wall Street,Nanaimo,BC,V9S 5H9,(250) 714-5900,N/A,http://www.brandnameblind.me
89,Brannen Lake RV Park & Campsite,Travel & Accommodation,4220 Biggs Rd.,Nanaimo,BC,V9T 6P9,(250) 756-0404,(250) 758-7379,http://www.brannenlake.com/
1622,Brechin Lanes Bowling / Escapism Escape Rooms ,Arts & Entertainment,1870 E. Wellington Rd.,Nanaimo,BC,V9S 5X7,(250) 753-2341,(250) 753-2389,"http://www.brechinlanes.ca, www.escapismnanaimo.ca"
2065,Brickyard Physiotherapy,Health Care & Personal Services,103-6010 Brickyard Rd.,Nanaimo,BC,V9V 1S5,(250) 729-7956,(250) 729-7516,http://www.brickyardphysio.com
2220,Broco Auto Glass and Upholstery,Automotive,6450 Island Hwy. N.,Nanaimo,BC,V9T 1X2,(250) 390-2204,(250) 390-2280,http://www.brocoautoglass.com
2251,Brook Law,Legal Services,206 - 155 Skinner St.,Nanaimo,BC,V9R 5E8,(250) 754-2529,(250) 754-2520,http://www.brooklawnanaimo.com
2056,Browns Socialhouse Restaurant,"Restaurants, Food & Beverage",6-6338 Metral Dr.,Nanaimo,BC,V9T 2L8,(250) 933-6641,N/A,http://www.brownssocialhouse.com
97,"Budget Car, Truck & Self Storage Rentals",Moving & Storage,2501 Kenworth Rd.,Nanaimo,BC,V9T 3M4,(250) 729-2400,N/A,https://www.bcbudget.com
3290,Burke Media (Vancouver Island),Professional Services,3222 Dolphin Drive,Nanoose Bay,BC,V9P 9J1,(250) 741-7740,(780) 455-8882,https://burkegroup.ca
99,Business Development Bank of Canada,Banking,500 - 6581 Aulds Rd.,Nanaimo,BC,V9T 6J6,1-888-463-6232,(250) 390-5753,http://www.bdc.ca
2014,Business Examiner Vancouver Island,Advertising & Media,25 Cavan Street,Nanaimo,BC,V9R 2T9,1-866-758-2684,N/A,N/A
3324,B. Gallant Homes,"Construction, Materials, Contractors",170 Wallace St,Nanaimo,BC,V9R 5B1,(250) 714-1991,N/A,http://www.bgallanthomes.com
5851,N/A,N/A,750 W Pender St,Vancouver,BC,V6C 2T8,(604) 683-0700,(604) 683-0416,N/A
5590,BC Hazmat Management Ltd,Professional Services,6- 10114 McDonald Park Rd,Sidney,BC,V8L 5X8,(250) 656-3382,N/A,http://www.bchazmat.com
5642,BD Mitchell Prosthetic & Orthotic Services Ltd,Health Care & Personal Services,1175 Dufferin Crescent,Nanaimo,BC,V9S 2B5,(250) 754-1442,(250) 754-3300,http://www.mitchellpando.com
5626,Ben Geselbracht,Individual,106 Columbia St.,Nanaimo,BC,V9R4L9,(250) 739-9473,N/A,N/A
5618,BioStrat Canada Inc. - Medi Spa & Esthetic Supplies,Health Care & Personal Services,974 Highview Terrace,Nanaimo,BC,V9R 6K5,(250) 218-5707,N/A,http://www.biostrat.ca
5657,Boost Sales,Professional Services,5383 Kenwill ,Nanaimo,BC,v9t5z9,(250) 716-6223,N/A,http://www.boostsales.ca
5651,Box 221 Digital Studios,Creative Services,Unit 4 - 85 Commercial Street,Nanaimo,BC,V9R 5G3,(250) 739-2560,N/A,http://box221.com
5579,Brenda Sinclair,Individual,1437 B 16th Ave,Campbell River,BC, V9W 2E4,(250) 287-4541,N/A,N/A
957,Caledonia Fire Protection Ltd.,Professional Services,290 Fry Street,Nanaimo,BC,V9R 4Z1,(250) 244-6303,(250) 244-3649,http://caledoniafireprotection.com/
1250,Campbell & Fairweather Psychology Group,Health Care & Personal Services,201-6543 Portsmouth Rd.,Nanaimo,BC,V9V 1A3,(250) 933-4884,(250) 933-4885,http://www.cfpsych.ca
107,Canadian Cancer Society,Community Service,777E Poplar St.,Nanaimo,BC,V9S 2H7,(250) 741-8180,(250) 741-8188,http://www.cancer.ca
108,Canadian Corps of Commissionaires,Professional Services,11 Port Dr.,Nanaimo,BC,V9R 0C7,(250) 754-1042,(250) 754-1059,http://commissionaires-viy.biz/
110,Canadian Home Builders Association - Vancouver Island,"Construction, Materials, Contractors",170 Wallace St.,Nanaimo,BC,V9R 5B1,(250) 755-1366,(250) 714-1155,http://www.chbavi.com
1522,Canadian Linen & Uniform Service,Professional Services,840 Dufferin St,Nanaimo,BC,V9S 2B1,(250) 619-4311,(250) 384-8191,http://www.canadianuniform.com
1023,Canadian Pacific Algae Inc.,Health Care & Personal Services,3145 Headland Rd.,Nanaimo,BC,V9X 1N8,(250) 722-0219,(250) 722-2934,http://www.canadianpacificalgae.com
3263,Canadian School of Natural Nutrition Vancouver Island,Education,2C - 91 Front St.,Nanaimo,BC,V9R 5H9,(250) 741-4805,N/A,http://www.csnn.ca/nanaimo
117,Canadian Western Bank,Banking,101 - 6475 Metral Dr,Nanaimo,BC,V9T 2L9,(250) 390-0088,(250) 390-0099,http://www.cwbank.com
2231,Candid Legal Law Corporation,Legal Services,23 - 4800 N. Island Hwy.,Nanaimo,BC,V9T 1W6,(250) 585-1595,(250) 585-1599,http://www.candidlegal.com
1934,Carto Investment and Insurance Solutions Inc.,Finance,101-6543 Portsmouth Road,Nanaimo,BC,V9V 1A3,(250) 933-2500,(250) 933-2501,http://www.sunlife.ca/dean.carto
292,Casino Nanaimo,Arts & Entertainment,620 Terminal Ave,Nanaimo,BC,V9R 5E2,(250) 753-3033,(250) 753-7146,http://www.casinonanaimo.com
1215,Cedar Valley Memorial Gardens,Funeral Services,PO Box 39,Cedar,BC,V9X 1W1,(250) 722-2244,(250) 722-7017,http://www.cedarvalleymemorial.ca
3320,N/A,N/A,N/A,Nanaimo,BC,V9S 1H8 ,N/A,N/A,N/A
132,Chatwin Engineering Ltd,"Construction, Materials, Contractors",1614 Morey Rd,Nanaimo,BC,V9S 1J7,(250) 753-9171,(250) 754-4459,http://www.chatwinengineering.com
1900,Chinook Scaffold Systems Ltd.,"Construction, Materials, Contractors",95 Tenth Street,Nanaimo,BC,V9R 6Z5,(250) 741-1105,(250) 741-1147,http://www.chinookscaffold.ca
1829,Christina's on the Lake,"Restaurants, Food & Beverage",2367 Arbot Rd.,Nanaimo,BC,V9R 6S9,(250) 753-2866,N/A,http://www.christinasonthelake.com/
137,Church Pickard,Accounting  & Bookkeeping,25 Cavan St.,Nanaimo,BC,V9R 2T9,(250) 754-6396,(250) 754-8177,http://www.churchpickard.com
138,CIBC Country Club Centre,Banking,123-3200 N. Island Hwy.,Nanaimo,BC,V9T 1W1,(250) 756-3400 ext. 222,(250) 758-0178,http://www.cibc.com
139,CIBC North Nanaimo,Banking,6570 N. Island Hwy.,Nanaimo,BC,V9V 1K8,(250) 756-3430,(250) 390-1915,http://www.cibc.com
140,CIBC Port Place Shopping Ctr.,Banking,109-650 Terminal Ave S.,Nanaimo,BC,V9R 5E2,(250) 716-2060,(250) 753-4362,http://www.cibc.com
142,Circle 'B' Mobile Home Towing Ltd. and Pilot Car Service,Moving & Storage,2570 Jingle Pot Rd.,Nanaimo,BC,V9R 6W4,(250) 754-5731,(250) 716-9001,N/A
147,City Tile in Nanaimo Ltd.,"Construction, Materials, Contractors",4337 Boban Dr.,Nanaimo,BC,V9T 5V9,(250) 729-9766,(250) 729-9044,http://www.citytile.ca
150,Classic Care Carpet & Upholstery Cleaning,Professional Services,1920 Northfield Road,Nanaimo,BC,V9S 3B5,(250) 756-4109,(250) 756-4130,http://www.classiccareservices.ca
153,Cline Medical Centre,Health Care & Personal Services,2090 Skaha Dr,Nanaimo,BC,V9R 6R8,(250) 753-3030,(250) 753-3006,http://www.clinemedical.com
1514,Clippers Hockey Limited Partnership,Sports & Recreation,2300 Bowen Road,Nanaimo,BC,V9T 3K7,(250) 751-0593,N/A,http://www.nanaimoclippers.com
3464,Clydesdale Moving and Hauling,Moving & Storage,359 Harwell Road,Nanaimo,BC,V9R 6V2,(250) 739-0236,N/A,http://www.clydesdalemoving.com
157,Coast Bastion Hotel,Travel & Accommodation,11 Bastion St,Nanaimo,BC,V9R 6E4,(250) 753-6601,(250) 753-4155,http://www.coasthotels.com
158,Coast Canada Construction,"Construction, Materials, Contractors",190 Canterbury Cres.,Nanaimo,BC,V9T 4S4,(250) 758-0388,N/A,N/A
160,Coast Capital Savings Credit Union,Banking,300 - 6581 Aulds Rd.,Nanaimo,BC,V9T 6J6,(250) 760-1311,(250) 760-1309,http://www.coastcapitalsavings.com
168,Coastal Community Credit Union - Bowen Br.,Banking,"Bowen Branch,",Nanaimo,BC,V9T 3M6,(250) 729-2565,(250) 729-2556,http://www.cccu.ca
169,Coastal Community Credit Union - Hammond Bay,Banking,"Hammond Bay Branch, ",Nanaimo,BC,V9T 5Y1,1-888-741-1010,(250) 390-8939,http://www.cccu.ca
167,Coastal Community Credit Union - Harbourfront,Banking,Harbourfront Plaza #111-59 Wharf Street,Nanaimo,BC,V9R 2X3,(250) 741-3101,(250) 741-3135,http://www.cccu.ca
166,Coastal Community Credit Union - Southgate,Banking,"Southgate Branch, #111-50 Tenth St",Nanaimo,BC,V9R 6L1,(250) 741-1683,(250) 741-1683,http://www.cccu.ca
165,Coastal Community Credit Union - Wharf St.,Banking,220-59 Wharf St,Nanaimo,BC,V9R 2X3,(250) 716-2804,(250) 741-3223,http://www.cccu.ca
2044,Coastal Energy Ltd.,"Construction, Materials, Contractors",1810 Fremont Rd. Unit A,Nanaimo,BC,V9S 3H4,(250) 585-5393,(250) 585-5723,http://www.coastalenergy.ca
1585,Coastal Installations (Prefab) Ltd.,"Construction, Materials, Contractors",144 Swanson Road,Nanaimo,BC,V9R 6V8,250-753-8550,N/A,http://coastalinstallations.ca
3384,Coastal Limo & Tour Co. Ltd.,Automotive,2257 Belwood Road,Nanaimo,BC,V9R 7C1,(250) 741-4420,(778) 441-3441,http://www.coastallimo.ca
1423,Coastline Electrical and Plumbing Ltd.,"Construction, Materials, Contractors",2209 McCullough Rd.,Nanaimo,BC,V9S 4M7,(250) 729-8055,(250) 585-4080,http://www.coastlinecontracting.ca
1977,COCO Cafe & Cedar Opportunities Co-operative,"Restaurants, Food & Beverage",#4A-1840 Cedar Rd,Nanaimo,BC,V9X 1H9,(250) 323-2223,N/A,http://www.cococafe.ca
174,Columbia Bakery Ltd,"Restaurants, Food & Beverage",2151 Bowen Rd,Nanaimo,BC,V9S 1H8,(250) 758-7219,(250) 758-7239,http://www.columbiabakery.ca/
1539,Comfort Group Heating Corporation,"Construction, Materials, Contractors",101 - 425 East Stanford Ave.,Parksville,BC,V9P 2N4,(250) 954-3680,(250) 954-3681,http://www.comfortgroup.ca
176,Communication Connection BC Inc,Computer & Information Technology,B - 2345 Delinea Pl.,Nanaimo,BC,V9T 5L9,(250) 756-4080,(250) 756-4980,http://www.communicationconnection.ca
177,Community Futures Central Island,Finance,14-327 Prideaux St.,Nanaimo,BC,V9R 2N4,(250) 591-7499,(250) 591-7498,http://www.cfnanaimo.org
179,Concise Systems Corporation,Computer & Information Technology,2110 Northfield Road,Nanaimo,BC,V9S 3B9,(250) 756-1604,(250) 756-0123,http://www.concise.ca
5820,N/A,N/A,1677 Sherwood Drive,Nanaimo,BC,V9T1H2,(250) 619-6682,N/A,http://www.cooperaudiodesigns.ca
184,Costco,Retail,6700 Island Hwy N,Nanaimo,BC,V9V 1K8,(250) 390-3231,(250) 390-1243,http://www.costco.ca
999,Cottonwood Golf Course,Sports & Recreation,Box 301,Cassidy,BC,V0R 1H0,(250) 245-5157,(250) 245-5182,http://www.cottonwoodgolfcourse.com
186,Country Club Centre,Retail,2A-3200 Island Highway N,Nanaimo,BC,V9T 1W1,(250) 758-1102,(250) 758-2407,http://www.countryclubcentre.com
191,Crimson Coast Dance Society,Arts & Entertainment,60 Wharf Street,Nanaimo,BC,V9R 5G6,(250) 716-3230,N/A,http://www.crimsoncoastdance.org
3269,"Cross & Company, Chartered Professional Accountants",Accounting  & Bookkeeping,3090 Barons Rd.,Nanaimo,BC,V9T 4B5,(250) 729-0504,(250) 729-0508,http://www.crossandco.ca
1074,Cruise Human Resources Solutions Corp.,Professional Services,913 Holm Road,Campbell River,BC,V9H 1V7,(250) 830-4372,(250) 923-6761,http://www.cruisehrsolutions.com
479,CVI Multicultural Society,Community Service,101 - 319 Selby St.,Nanaimo,BC,V9R 2R4,(250) 753-6911,(250) 753-4250,http://www.cvims.org
4559,Camargue Properties,Real Estate & Property Management,101-1950 Watkiss Way,Victoria,BC,V9B 0V6,(250) 920-5435,N/A,http://groupedenux.com
3325,"Canadian Mental Health Association, Mid Island Branch",Community Service,437 Wesley St.,Nanaimo,BC,V9R 2T8,(250) 244-4042,N/A,http://www.mid-island.cmha.bc.ca
3455,Canpro Deck and Rail (BC) Inc.,"Construction, Materials, Contractors",8 - 4131 Mostar Road,Nanaimo,BC,V9T 6A6,(250) 667-7145,N/A,http://canprodeckandrail.com
5603,Carbon Safety Solutions,Professional Services,2325 Whitney Road,Nanaimo,BC,V9T6B7,(250) 734-1373,N/A,http://www.carbonsafety.ca
2013,Carleigh Randall,Individual,Faculty of Management,Nanaimo,BC,V9R 5S5,250-753-3245 ext 2439,N/A,N/A
5630,Carrie Chassels,Education,N/A,N/A,N/A,N/A,(416) 523-0066,N/A,N/A
3447,Cascara Consulting Engineers Limited,"Construction, Materials, Contractors",#206-335 Wesley Street,Nanaimo,BC,V9T 4C5,(250) 714-9112,N/A,http://www.cascara.ca
5806,Catalina Business Services,Accounting  & Bookkeeping,#101 - 1801 Bowen Rd. ,Nanaimo,BC,V9S 1H1,250-802-3850,N/A,http://https://www.catalinaservices.ca
3458,CBK Arts and Entertainment,Arts & Entertainment,2114 Wren Place,Nanaimo,BC,V9R 7A7,(778) 533-4051,N/A,http://www.findingyourbutkus.com
5635,Centra Windows,"Construction, Materials, Contractors",2132 Northfield Road,Nanaimo,BC,V9S 3B9,(250) 756-3010,N/A,http://centrawindows.com
3368,Centsible Heating & Cooling Ltd,"Construction, Materials, Contractors",4131 Mostar Road,Nanaimo,BC,V9X 1J5,(250) 618-2115,N/A,N/A
5654,Change Weavers Consulting,Professional Services,120-256 Wallace St.,Nanaimo,BC,V9R 5B3,(204) 797-2608,N/A,http://www.changeweavers.com
3370,Chemistry Consulting Group,Professional Services,400-1207 Douglas St,Victoria,BC,V8W 2E7,250-382-3303,N/A,http://www.chemistryconsulting.ca
5600,Cinnabar Vista Alef Productions Ltd.,Advertising & Media,1894 Kentucky Place,Nanaimo,BC,V9X 1C6,(250) 716-1141,N/A,http://www.cinnabarvista.com
3355,Clay Tree Society,Community Service,838 Old Victoria Road,Nanaimo,BC,V9R 6A1,(250) 882-3755,(250) 753-2749,http://www.claytree.org
3444,Coastal Community Insurance Services (2007) Ltd.,Insurance ,220 - 59 Wharf Street,Nanaimo,BC,V9R 2X3,(250) 741-3200,N/A,N/A
5673,Coastal Support Services,Health Care & Personal Services,219 Pine Street,Nanaimo,British Columbia,V9R 2B5,(250) 754-0740,N/A,N/A
4554,Cold Front Gelato,"Restaurants, Food & Beverage",306-60 Commercial St,Nanaimo,BC,V9R 5G4,(250) 591-7719,N/A,N/A
5779,Collaborative Law Corporation,Legal Services,401-17 Church Street,Nanaimo,BC,V9R 5H5,250-824-1255,N/A,http://nanaimolegal.ca/
5647,Comfort Keepers,Health Care & Personal Services,154 Memorial Ave,Parksville,BC,V9P 2H6,(778) 716-0276,N/A,http://www.parksville.comfortkeepers.ca
3382,Commercial On Hold Marketing Inc.,Professional Services,PO Box 30005 Greenbank North,Ottawa,ON,K2H 1A3,1-800-267-5229,1-800-343-0680,http://cohm.com
5585,Connect Hearing,Health Care & Personal Services,4-1150 Terminal Ave. N,Nanaimo,BC,V9S 5L6,(250) 754-9233,N/A,http://connecthearing.ca
5664,Conserv-Arte  Art Conservation Services,Creative Services,N/A,Nanaimo,BC,N/A,1-604-734-0115,N/A,N/A
5576,Corry Hostetter,Individual,1609 Haida Way,Nanoose Bay,BC,V9P 9B5,(250) 713-1540,N/A,N/A
5826,N/A,N/A,1717 Kerrisdale Rod,Nanaimo,BC,V9S 1N4,N/A,N/A,http://cpcnanaimo.com
4525,CUE Consulting | Celtic Performing Arts Inc.,Professional Services,507 Westview Place,Nanaimo,BC,V9V 1B3,(250) 758-0208,N/A,http://www.cueconsulting.ca | www.celticperformingarts.com
5871,N/A,N/A,N/A,Nanaimo,BC,V9S 1H8 ,1-800-663-0805,N/A,N/A
199,Dairy Queen (Country Club),"Restaurants, Food & Beverage",3190 Island Hwy,Nanaimo,BC,V9T 1W1,(250) 756-0381,(250) 756-3051,http://www.dairyqueen.com/us-en/locator/Detail/?localechange=1&amp;store-id=7835&amp;
200,Dairy Queen (Nicol St.),"Restaurants, Food & Beverage",280 Nicol St,Nanaimo,BC,V9R 4T2,(250) 754-6921,N/A,http://www.dairyqueen.com/
2172,Dallen's Dream Team Society,Community Service,2064 James Edward Place,Nanaimo,BC,V9X 1K6,(250) 616-0723,N/A,N/A
201,Daphne's Designs,Arts & Entertainment,4733 Laguna Way,Nanaimo,BC,V9T 5C2,(250) 755-5718,(250) 758-6282,http://www.daphnesart.com
204,DenMar Electric Ltd,"Construction, Materials, Contractors",1810 Fremont Rd.,Nanaimo,BC,V9S 3H4,(250) 758-8464,(250) 758-8479,http://www.denmarelectric.com
205,Departure Bay Automotive Service Ctr.,Automotive,1961 Wilfert Rd.,Nanaimo,BC,V9S 3H6,(250) 758-9312,(250) 758-9369,http://www.departurebayauto.ca
1009,Discovery Community College,Education,101-495 Dunsmir Street,Nanaimo,BC,V9R 6B9,(250) 740-0115,(250) 740-0114,http://www.discoverycommunitycollege.com
737,Dodd's Furniture Ltd.,Retail,6421 Applecross Rd,Nanaimo,BC,V9V 1N1,(250) 390-1125,(250) 390-5123,http://www.doddsfurniture.com
2113,Dog n' Suds,Pets,2209 Wilgress Rd.,Nanaimo,BC,V9S 4N3,(250) 751-2551,N/A,http://www.dognsudspetservices.com
210,Dogwood Landscaping & Maintenance,"Construction, Materials, Contractors",5861 Sunset Road,Nanaimo,BC,V9V 1E4,(250) 758-3773,N/A,N/A
1574,Dogwood Mountain Homes Ltd.,"Construction, Materials, Contractors",3478 Santa Fe Place,Nanaimo,BC,V9T 0A6,(250) 585-6317,(250) 585-6710,http://www.dogwoodmountainhomes.com
211,Dollars & Cents Bottle Sorting Facility,Professional Services,B - 425 Madsen Rd.,Nanaimo,BC,V9S 5X3,(250) 714-1179,(250) 716-1137,N/A
1960,Dominion Lending Centres - Integrity Mortgage BC,Banking,2nd floor - 503 Comox Rd,Nanaimo,BC,V9R 3J2,(250) 729-3890,N/A,http://www.integritymortgage.ca
451,Dougan Irwin & Associates CPAs,Accounting  & Bookkeeping,Suite #3 - 4890 Rutherford Rd,Nanaimo,BC,V9T 4Z4,(250) 754-1291,(250) 754-9500,http://www.douganirwin.ca
2036,Downtown Nanaimo Dental Group,Health Care & Personal Services,5-140 Wallace St.,Nanaimo,BC,V9R 5B1,(250) 754-4322,(250) 754-4324,http://www.drmahara.com
2247,Dr. M. Lang & Dr. R.M. Renner Inc.,Health Care & Personal Services,201 - 1801 Bowen Road,Nanaimo,BC,V9S 1H1,(778) 441-1993,(778) 441-1983,N/A
2072,Duncan Allen Law LLP,Legal Services,#10-327 Prideaux Street,Nanaimo,BC,V9R 2N4,(250) 591-1055,N/A,http://www.duncanallenlaw.com
4536,Datum Point Studios Inc,"Construction, Materials, Contractors","101-5170 Dunster Road, Suite 256",Nanaimo,BC,V9T 6M4,(250) 667-3286,N/A,http://www.datumpoint.ca
5793,Deborah Goodman,Individual,148 Cowling Place,Nanaimo,BC,V9R 6R7,(250) 591-9051,N/A,http://www.debbiegoodman.com
5596,Dr. David Witty,Individual,1405-154 Promenade Drive,Nanaimo,BC,V9R6Y3,(250) 618-9194,N/A,N/A
232,Edgewood,Health Care & Personal Services,2121 Boxwood Rd,Nanaimo,BC,V9S 4L2,(250) 751-0111,(250) 751-2758,http://www.edgewood.ca
1520,Elite Image Software Corp.,Professional Services,2030 Boxwood Road,Nanaimo,BC,V9S 5W7,(250) 591-0175,N/A,http://www.eliteimage.ca
1851,Employers' Advisers Office,Government,404 - 495 Dunsmuir Street,Nanaimo,BC,V9R 6B9,(800) 925-2233,(855) 664-7993,http://www.gov.bc.ca/employersadvisers
78,Erickson Roofing Ltd.,"Construction, Materials, Contractors",#7 - 4151 Mostar Road,Nanaimo,BC,V9T 6A6,(250) 758-5440,(250) 758-5495,http://www.ericksonroofing.com
242,ETHOS Career Mgmt. Group Ltd.,Professional Services,202-155 Skinner St.,Nanaimo,BC,V9R 5E8,(250) 741-8116,(250) 741-8117,http://www.ethoscmg.com
248,Eye Care Nanaimo,Health Care & Personal Services,101-6330 Dover Road,Nanaimo,BC,V9V 1S4,(250) 390-1447,(250) 390-1437,http://www.eyecarenanaimo.com
2186,E-Zone Embroidery & Custom Apparel Ltd.,Professional Services,827 Douglas Ave.,Nanaimo,BC,V9R 4M9,(250) 740-0263,(250) 740-0263,http://www.embroideryzone.ca
5824,Eagle Point Dental,Health Care & Personal Services,1-6304 Dover Rd.,Nanaimo,BC,V9V 1S4,(250) 756-4746,N/A,http:// www.eaglepointdental.ca
3393,Ecklundson Construction Ltd.,"Construction, Materials, Contractors",#5 - 2105 Bowen Road,Nanaimo,BC,V9S 1H7,(250) 758-9436,N/A,http://theecgroup.ca
3322,Eclipse Business Consulting Inc.,Professional Services,487 Ninth St,Nanaimo,BC,V9R 6Z3,1-778-231-4545,N/A,http://www.eclipsehr.ca/
5663,Eco Wash Shop,Automotive,2-4396 Boban Dr,Nanaimo,BC,V9T 5V9,(250) 585-0386,N/A,http://ecowashshop.com
5827,Ecofish Research Ltd.,Professional Services,3148 Barons Road,Nanaimo,BC,V9T 4B5,250 824-1424,N/A,http://https://www.ecofishresearch.com/
4551,Eden Gardens- Nanaimo Travellers Lodge Society,Health Care & Personal Services,1917 Northfield Road,Nanaimo,BC,V9S 3B6,(250) 760-2644,N/A,http://www.edengardens.ca
5592,engageQ digital inc.,Advertising & Media,N/A,Nanaimo,BC,N/A,(855) 863-6233,N/A,http://www.engageQ.com
2197,Felder Machinery Imports,"Construction, Materials, Contractors",6-4115 Moster Rd.,Nanaimo,BC,V9T 6A7,(250) 585-0550,(250) 585-7399,http://www.feldercanada.com
1125,First Memorial Funeral Services,Funeral Services,1720 Bowen Rd.,Nanaimo,BC,V9S 1G9,(250) 754-8333,(250) 754-1538,http://www.firstmemorialfuneral.com
262,Flying Fish,Retail,180 Commercial Street,Nanaimo,BC,V9R 5G6,(250) 754-2104,(250) 754-2103,http://www.flyingfishnanaimo.com
3318,Foxy Dog Grooming,Pets,2312 Briarwood Place,Nanaimo,BC,V9T 4J4,(250) 756-0206,N/A,http://www.foxydog.ca
268,"Frank Allen Financial Group Inc., The",Finance,1605 Bowen Rd,Nanaimo,BC,V9S 1G5,(250) 753-2101,(250) 753-2339,http://frankallenfinancial.com
2023,Full Scope Rehabilitation Services Inc.,Health Care & Personal Services,335 Wesley St. #203,Nanaimo,BC,V9R 2T5,(250) 618-0586,(778) 441-1859,http://www.fullscoperehab.ca
3328,Futurpreneur Canada,Finance,580 - 425 Carral St.,Vancouver,BC,V6B 6E3,(604) 362-5344,N/A,http://www.futurpreneur.ca 
766,FYidoctors Nanaimo,Health Care & Personal Services,1 - 1500 Waddington Rd,Nanaimo,BC,V9S 4V9,(250) 753-4531,(250) 753-7066,http://www.fyidoctors.com
3479,N/A,N/A,6902 Pine Street PS31,Omaha,NE,68106,1-800-416-7716 Opt 1,N/A,N/A
5615,Foley Dog Treat Company,Pets,B-1945 Bollinger Rd ,Nanaimo,BC,V9S5W9,(250) 753-3647,N/A,http://www.foleydogtreat.com
4513,Frances Murray Bookkeeping Services,Accounting  & Bookkeeping,183 Heritage Drive,Nanaimo,BC,V9V 1J9,(250) 667-0404,N/A,http://www.murraybooks.ca
4499,Franchise Planning Group Ltd.,Professional Services,680 Terminal Avenue,Nanaimo,BC,V9S 4K2,(250) 716-7000,N/A,http://www.businessplannersfinancial.com
1603,Freedom 55 Financial/David McCallum,Finance,431 Woodhaven Dr.,Nanaimo,BC,V9T 5M2,250-753-9955 ext. 520,(250) 953-9953,N/A
969,GardaWorld Cash Services,Professional Services,301 - 4300 Wellington Rd.,Nanaimo,BC,V9T 2H3,(250) 751-8563,(250) 751-0298,http://www.g4s.ca
2161,Glacial Bay Organic Clay Inc.,Health Care & Personal Services,5260 Fillinger Cr,Nanaimo,BC,V9V 1H7,(250) 323-4602,(250) 323-4612,http://www.glacialorganicclay.com
1981,GME Machinery Inc.,"Construction, Materials, Contractors",6016 Bowron Place,Nanaimo,BC,V9T 6A4,(250) 756-1077,N/A,http://www.gmeco.ca
309,Grant Thornton LLP,Accounting  & Bookkeeping,30 Front Street,Nanaimo,BC,V9R 5H7,(250) 753-2544,(250) 754-1903,https://www.grantthornton.ca 
290,Graphic Office Interiors Nanaimo Ltd.,"Construction, Materials, Contractors",104 - 335 Wesley St.,Nanaimo,BC,V9R 2T5,(250) 741-8996,(250) 753-4594,http://www.graphicoffice.com
1041,Great Canadian Oil Change,Automotive,130 - 3200 N. Island Hwy.,Nanaimo,BC,V9T 1W1,(250) 729-3666,(250) 729-3662,http://www.oilchangenanaimo.com
698,GT Hiring Solutions,Professional Services,101-155 Skinner St.,Nanaimo,BC,V9R 5E8,(250) 714-0085 ext.236,(250) 714-0093,http://gthiringsolutions.ca/en/nanaimo
294,GT Hiring Solutions 2005 Inc.,Professional Services,255-2000 Island Hwy. N.,Nanaimo,BC,V9S 5W3,(250) 714-0085,(250) 756-8899,http://www.gthiringsolutions.ca
4526,GetMyKit.ca,Health Care & Personal Services,3039 Hillview,Lantzville,BC,V0R 2H0,(250) 821-1222,N/A,http://www.getmykit.ca
5669,Gio Creative,Advertising & Media,1740 Morden Rd,Nanaimo,British Columbia,V9X 1T9,(250) 714-5683,N/A,http://www.giocreative.ca
1182,Grand & Toy,Retail,2330 Government St.,Victoria,BC,V8T 5G5,(250) 952-7004,(250) 384-8631,http://www.grandandtoy.com
5660,Great Canadian Oil Change,Automotive,6470 Metral Drive,Nanaimo,BC,V9T 2L8,(250) 933-3555,N/A,http://www.oilchangenanaimo.com
4516,Greg Yaceyko Professional Corporation,Accounting  & Bookkeeping,4563 Sheridan Ridge Road,Nanaimo,BC,V9T 6S7,(778) 837-9816,1-250-585-2652,N/A
296,Habitat For Humanity MVI,Community Service,1-4128 Mostar Rd.,Nanaimo,BC,V9T 6C9,(250) 758-8078 ext 2,(250) 758-8096,http://www.habitatmvi.org
301,Harbour Air Seaplanes,Travel & Accommodation,1A - 90 Front St,Nanaimo,BC,V9R 5K4,(250) 714-0900,(250) 714-0655,http://www.harbourair.com
302,Harbour Chandler Ltd.,Marine,52 Esplanade,Nanaimo,BC,V9R 4Y7,(250) 753-2425,(250) 753-6355,http://www.harbourchandler.com
943,Harris Kia,Automotive,2575 Bowen Road,Nanaimo,BC,V9T 3L4,(250) 751-1168,(250) 751-1131,http://www.harriskia.ca
307,Hartmann & Company,Retail,241 Selby St,Nanaimo,BC,V9R 2R2,(250) 754-2288,(250) 754-2286,http://www.hartmannandcompany.com
1789,Hazelwood Group of Companies,"Construction, Materials, Contractors",1930 Bollinger Rd,Nanaimo,BC,V9S 5W9,(250) 716-1940,(250) 716-1941,http://www.hazelwood.ca
606,HB Real Estate Group @ RE/MAX of Nanaimo,Real Estate,1 - 5140 Metral Dr.,Nanaimo,BC,V9T 2K8,(250) 751-3597,(250) 751-1300,http://www.hbrealestategroup.com/
313,Heart and Stroke Foundation,Community Service,401 - 495 Dunsmuir St.,Nanaimo,BC,V9R 6B9,(250) 754-5274,(250) 754-5275,http://www.heartandstroke.bc.ca
314,Heath Law LLP,Legal Services,200 - 1808 Bowen Rd,Nanaimo,BC,V9S 5W4,(250) 753-2202,(250) 753-3949,http://www.nanaimolaw.com
2225,Hein Mechanical Services Inc.,"Construction, Materials, Contractors",4434 Wellington Rd.,Nanaimo,BC,V9T 2H3,(250) 729-8815,(250) 729-8655,http://www.heinmechanical.ca
2162,Helijet International Inc.,Travel & Accommodation,100 Port Drive,Nanaimo,BC,V9R 0C7,1-800-665-4354,(604) 273-5301,http://www.helijet.com
319,Herold Engineering Ltd.,"Construction, Materials, Contractors",3701 Shenton Rd.,Nanaimo,BC,V9T 2H1,(250) 751-8558,(250) 751-8559,http://www.heroldengineering.com
911,Heydemann Art of Photography,Creative Services,3531 Monterey Dr.,Nanaimo,BC,V9T 6T2,(250) 729-5444,N/A,http://www.haphotography.com
1332,Hired Guns Creative,Creative Services,41 Chapel Street,Nanaimo,BC,V9R 4Y3,(250) 591-6965,N/A,http://www.hiredgunscreative.com
328,HSBC Bank Canada,Banking,101 - 6551 Aulds Rd,Nanaimo,BC,V9T 6K2,(250) 390-8974,(250) 390-8955,http://www.hsbc.ca
330,"Hub City Paving, Divison of Lafarge Canada Inc.","Construction, Materials, Contractors",61 Nanaimo River Rd.,Nanaimo,BC,V9X 1S5,(250) 754-2195,(250) 753-2421,http://www.lafarge-na.com
332,Hyland Homes Ltd,Real Estate & Property Management,3140 Graham Rd.,Ladysmith,BC,V9G 1C9,(250) 722-2510,(250) 722-2509,N/A
5775,"Halcyon Plumbing, Heating & Gas","Construction, Materials, Contractors",209- 775 Terminal Avenue North,Nanaimo,BC,V9S 0B4,(250) 668-0591,N/A,http://www.halcyonnanaimo.com
5631,Health Well Educators and Consultants Ltd./Seniors Connect ,Community Service,N/A,N/A,N/A,N/A,(250) 760-0301,N/A,http://Healthwell.ca/nanaimoseniorsconnect.ca 
1785,HollisWealth/Pacific Group Wealth Management.,Finance,103-360 Selby St.,Nanaimo,BC,V9R 2R5,(250) 591-0788,N/A,http://www.pgwm.ca
4529,Household CEO,Education,2730 Cedar Heights Cres,Nanaimo,BC,V9X 1N4,(250) 323-0919,N/A,http://www.household-ceo.com
4518,Hub City Cinema Society,Creative Services,15 Lois Lane,Nanaimo,BC,V9R 5B8,(250) 802-3967,N/A,http://www.hubcitycinema.ca
5595,HUB International Insurance Brokers,Insurance ,8-1551 Estevan Rd.,Nanaimo,BC,V9S 3Y3,(250) 753-4169,N/A,http://https://www.hubinternational.com/en-CA/offices/ca/british-columbia/nanaimo-estevan-road
341,Industrial Plastics & Paint & Custom Fabrication,"Construction, Materials, Contractors",2052 Boxwood Rd,Nanaimo,BC,V9S 5W7,(250) 758-3390,(250) 758-1419,http://www.ippnet.com
343,Inn On Long Lake,Travel & Accommodation,4700 N Island Hwy,Nanaimo,BC,V9T 1W6,(250) 758-1144,(250) 758-5832,http://www.innonlonglake.com
1974,Inner Harmony Registered Acupuncture,Health Care & Personal Services,305-321 Wallace St.,Nanaimo,BC,V9R 5B6,(250) 740-5437,(250) 740-5437,http://www.innerharmony.ca
743,Innov8 Digital Solutions,Professional Services,7 - 4131 Mostar Rd,Nanaimo,BC,V9T 6A6,(250) 758-7373,(250) 758-1121,http://innov8ds.ca
464,Innovation Island Technology Association,Professional Services,#13 - 327 Prideaux Street,Nanaimo,BC,V9R 2N4,(250) 753-8324,N/A,http://www.innovationisland.ca
1255,Integral Securities,Finance,450 Wentworth St.,Nanaimo,BC,V9R 3E1,(250) 753-1124,(250) 754-7692,http://www.integralwealth.com
952,Intraworks IT Management,Computer & Information Technology,100 - 4311 Boban Dr.,Nanaimo,BC,V9T 5V9,(250) 729-8624,(250) 729-8625,http://www.intraworks.ca
349,Investors Group,Finance,101-5070 Uplands Dr.,Nanaimo,BC,V9T 6N1,(250) 729-0904,(250) 729-0908,http://www.investorsgroup.com
1426,Invis Inc.,Finance,A-5107 Somerset Dr.,Nanaimo,BC,V9T 2K5,(250) 758-1200,(250) 758-3333,http://www.nanaimosmortgageexperts.com
993,Ion Marine Nanaimo,Marine,3770 Glen Oakes Drive,Nanaimo,BC,V9T 6H2,(250) 714-5779,N/A,N/A
350,ISL Customs Brokers,Professional Services,206 - 75 Front St.,Nanaimo,BC,V9R 5H9,(250) 754-2305,(250) 754-2544,http://www.islbroker.com
352,Island Communications Ltd,Computer & Information Technology,2540 Bowen Rd,Nanaimo,BC,V9T 3L3,(250) 758-7301,(250) 758-0294,http://www.island-communications.com
1604,Island Corridor Foundation/Vancouver Island Rail,Community Service,PO Box 375 Stn A,Nanaimo,BC,V9R 5L3,(250) 754-7254,1-888-662-4197,http://www.islandrail.ca
353,Island Crisis Care Society,Community Service,#3-1200 Princess Royal Ave,Nanaimo,BC,V9S 3Z7,(778) 441-4227,(778) 441-2797,http://www.islandcrisiscaresociety.ca
2012,Island Ferry Services Ltd.,Travel & Accommodation,206-3542 Blanshard Street,Victoria,BC,V8X 1W3,(250) 217-2925,(250) 598-9188,http://www.facebook.com/islandferries
2081,Island Red Cedar Construction Ltd.,"Construction, Materials, Contractors",13 Kennedy Street,Nanaimo,BC,V9R 2H5,(250) 668-6234,N/A,http://www.islandredcedar.com
361,Island Savings -  A Division of First West Credit Union,Banking,97 - 6631 Island Hwy. N.,Nanaimo,BC,V9T 4T7,(250) 390-7070,(250) 390-3417,http://www.islandsavings.ca
122,Island Timberlands LP,"Construction, Materials, Contractors","4th floor, 65 Front St",Nanaimo,BC,V9R 5H9,(250) 755-3500,N/A,http://www.islandtimberlands.com
362,Island Truck & Auto Collision Ltd,Automotive,1881 East Wellington Rd,Nanaimo,BC,V9T 5K9,(250) 754-2641,(250) 754-2006,http://www.islandtruckandautocollision.com
937,IBC Business Brokers Inc.,Professional Services,14A 327 Prideaux Street,Nanaimo,BC,V9R 2N4,(250) 751-7917,(250) 751-2814,http://www.bcbusinessbroker.ca
5672,Input Cowork,Computer & Information Technology,38 Victoria Crescent,Nanaimo,BC,V9R 5B8,(250) 412-3476,N/A,http://inputcowork.com
3345,IRIS Optometrists and Opticians,Health Care & Personal Services,Unit 312 - 60 Commercial Street,Nanaimo,BC,V9R 5G4,(250) 754-2212,N/A,http://www.iris.ca
4563,Iron Oxide Art Supplies,Retail,5 Victoria Rd,Nanaimo,BC,V9R 4N9,(250) 591-4766,N/A,http://www.ironoxideartsupplies.com
4510,Island Buyers / VI Weekly,Advertising & Media,4-4166 Departure Bay Rd,Nanaimo,BC,V9T 4B7,(250) 585-2898,(250) 585-2818,http://www.viweekly.ca
4510#news,Island Buyers / VI Weekly,Advertising & Media,4-4166 Departure Bay Rd,Nanaimo,BC,V9T 4B7,(250) 585-2898,(250) 585-2818,http://www.viweekly.ca
1961,Island EcoEnergy,"Construction, Materials, Contractors",2240 Dorman Rd.,Nanaimo,BC,V9S 5W2,(250) 802-2563,N/A,http://www.islandecoenergy.com
5675,Island Romer Adventures,Travel & Accommodation,5791 Broadway Road,Nanaimo,BC,V9V 1E9,(250) 618-5415,N/A,http://www.islandromer.com
5796,Islanders Outdoor Maintenance,"Construction, Materials, Contractors",Unit 17 - 444 Bruce Avenue,Nanaimo,BC,V9R 5W5,(250) 739-3621,N/A,https://islandersom.ca/
366,J.C. Word Assist Ltd.,Professional Services,111 Skinner St.,Nanaimo,BC,V9R 5E8,(250) 754-7822,N/A,http://www.jcword.com
1323,J.E. Anderson & Associates,"Construction, Materials, Contractors",1A - 3411 Shenton Rd.,Nanaimo,BC,V9T 2H1,(250) 758-4631,(250) 758-4660,http://www.jeanderson.com
373,Jensyd Bio Tech Ltd.,Professional Services,5953 Vermillion Pl,Nanaimo,BC,V9V 1K2,(250) 756-8894,N/A,N/A
986,John R. Manning Law Corp.,Legal Services,"Barristers, Solicitors & Mediators",Nanaimo,BC,V9R 3E1,(250) 753-6766,(250) 753-0080,http://www.mannkirk.com
2164,John Ruttan,Individual,6-93 Commercial St.,Nanaimo,BC,V9R 5G3,(250) 754-1450,(250) 754-1450,N/A
378,Johns' Bedroom Barn & Foam Whse.,Retail,1707 Bowen Rd,Nanaimo,BC,V9S 1G8,(250) 741-1777,(250) 741-1999,http://www.johnsbedrooms.com
380,"Johnston Franklin Bishop, Lawyers",Legal Services,210-3260 Norwell Dr,Nanaimo,BC,V9T 1X5,(250) 756-3823,(250) 756-6188,http://www.jfblaw.ca
381,"Johnston, Johnston & Associates Ltd.",Accounting  & Bookkeeping,1 - 4488 Wellington Rd,Nanaimo,BC,V9T 2H3,(250) 758-8383,(250) 758-8380,http://jjacpa.ca
812,Joy Cameron,Individual,113 Cheryl Pl,Nanaimo,BC,V9V 1C5,(250) 758-7832,N/A,N/A
4553,JABC - Junior Achievement British Columbia,Education,JABC,Vancouver,BC,V6B 4M9,(250) 510-7671,N/A,http://www.jabc.ca
3451,Jahelka Real Estate Group (Royal LePage Nanaimo Realty),Real Estate & Property Management,4200 Island Hwy N,Nanaimo,BC,V9T 1W6,250-751-0804,N/A,http://www.jahelkarealestategroup.com
5667,N/A,N/A,1733 Northfield Road,Nanaimo,BC,V9S 3B1,(250) 713-6301,N/A,https://northfieldmassagetherapy.ca
3371,Jesson Capital Inc,Finance,3432 Stephenson Point Road,Nanaimo,BC,V9T 1K2,(250) 618-5116,N/A,N/A
5656,John Gantner Personal Real Estate Corporation,Real Estate,"PO Box 1059, 173 West Island Highway",Parksville-Qualicum,BC,V9P 2H1,(250) 240-3718,N/A,http://johngantner.com
5601,John Olmstead,Individual,188 Wildlife Place,Nanaimo,BC,V9R6H2,(902) 249-0276,N/A,N/A
5653,Jonday Foods,"Restaurants, Food & Beverage",6330 Lasalle Road,Nanaimo,BC,V9V 1N5,(416) 892-3718,N/A,http://Jondayfoods.ca
5870,JUST SORT IT! PROFESSIONAL ORGANIZER,Health Care & Personal Services,25 Maki Rd Unit 127,Nanaimo,British Columbia,V9R 6N3,2506688908,N/A,http://justsortit.ca
900,Kal Tire,Automotive,837 Old Victoria Rd.,Nanaimo,BC,V9R 5Z9,(250) 754-4456,(250) 754-2173,http://www.kaltire.com
1970,Kania Industries Inc.,Retail,C-2345 Delinea Pl.,Nanaimo,BC,V9T 5L9,(250) 585-1800,(250) 585-1802,http://www.furcanada.com
391,Keller's Jewellers Ltd,Retail,"Box 334, 7180 Lantzville Rd",Lantzville,BC,V0R 2H0,(250) 390-9089,(250) 390-9190,http://www.kellersjewellers.com
392,Ken Hammer & Associates,Real Estate,39 Cypress Street,Nanaimo,BC,V9S 0A1,(250) 758-8905,(250) 758-8906,http://www.kenhammer.com 
1026,Kintama Research Services Ltd.,Professional Services,4737 Vista View Crescent,Nanaimo,BC,V9V 1N8,(250) 739-9044,(250) 729-2622,http://www.kintama.com
494,Kiwanis Village,Community Service,1221 Kiwanis Cres,Nanaimo,BC,V9S 5Y1,(250) 753-6471,(250) 740-2750,http://www.kiwanisvillage.ca
1242,Kiyo Salon & Day Spa Inc.,Health Care & Personal Services,404 Stewart Ave.,Nanaimo,BC,V9S 4C6,(250) 716-9916,(250) 716-9917,http://www.kiyosalon.com
397,KKP (Kwick Kopy Printing),Professional Services,2217 Wilgress Rd.,Nanaimo,BC,V9S 4N3,(250) 758-1511,(250) 758-2311,http://www.kkpnanaimo.ca
1963,Kris Kringle Craft Market,Arts & Entertainment,Beban Park Social Centre,Nanaimo,BC,V9T 3K7,(250) 739-1981,N/A,http://www.kriskringle.ca
597,Kuehnel Wealth | Raymond James,Finance,102 - 5220 Dublin Way,Nanaimo,BC,V9T 0H2,(250) 729-2850,(250) 933-1238,http://www.PersonalWealth.ca
3445,KGZ Development Corp.,Real Estate & Property Management,418B Fitzwilliam Street,Nanaimo,BC,V9R 3A1,250-754-8787,(250) 754-2912,http://www.zorkin.com
5857,Kingfisher Oceanside Resort & Spa,Travel & Accommodation,4330 Island Highway South,Royston,BC,V9N 9R9,(250) 338-1323,(250) 338-0058,http://www.kingfisherspa.com
4523,KIS Payments Consultants Inc.,Finance,#1 - 5148 Metral Drive,Nanaimo,BC,V9T 2K8,1-888-484-3389,N/A,http://kispayments.com
5637,Koncept Nightclub,Arts & Entertainment,240 Skinner Street,Nanaimo,BC,V9R 5E9,(250) 667-2701,N/A,http://www.konceptnightclub.com
3471,Kristopher Rogerson RMT,Health Care & Personal Services,721 St. Andrews Street ,Nanaimo,BC,V9S 1S7,(250) 591-8993,N/A,http://krisrogersonrmt.com
4491,Kwumut Lelum Child and Family Services,Community Service,544 Centre Street,Nanaimo,BC,V9R 4Z3,(250) 591-0933,(250) 591-0935,http://www.kwumut.org
398,L & E Excavating Ltd.,"Construction, Materials, Contractors",PO Box 90,Cedar,BC,V9X 1W1,(250) 722-2624,(250) 722-2623,N/A
720,Laird Wheaton GM,Automotive,2590 Bowen Rd.,Nanaimo,BC,V9T 3L3,(250) 758-2438,N/A,http://www.lairdwheaton.com
419,Lantzville RV Hauler Ltd.,Automotive,6722 Alger Rd.,Lantzville,BC,V0R 2H0,(250) 268-7676,N/A,N/A
2218,L'Association des francophones de Nanaimo,Community Service,31-1925 Bowen Rd.,Nanaimo,BC,V9S 1H1,(250) 729-2776,(250) 729-2777,http://www.francophonenanaimo.org
1852,LegalShield Independent Associate,Legal Services,Unit 68 941 Malone Road,Ladysmith,BC,V9G1S3,(250) 618-1957,N/A,http://cmilledge.wearelegalshield.com
1573,Leverage Marketing,Advertising & Media,3490 Meadow Lane Rd.,Nanaimo,BC,V9T 3G1,(250) 585-5795,N/A,https://wellnessnews.ca/community/nanaimo-north
402,Lewkowich Engineering Associates Ltd.,"Construction, Materials, Contractors",1900 Boxwood Road,Nanaimo,BC,V9S 5Y2,(250) 756-0355,(250) 756-3831,http://www.lewkowich.com
5774,N/A,N/A,"2124 Bowen Road, Unit 110",Nanaimo,BC,V9S 1H7,(250) 760-0479,N/A,http://www.calvorihearing.com
407,Lighthouse Bistro Ltd,"Restaurants, Food & Beverage",50 Anchor Way,Nanaimo,BC,V9R 7B5,(250) 754-3212,(250) 753-1299,http://www.lighthousebistro.ca
408,Living Forest Campground/RV Park,Travel & Accommodation,6 Maki Road,Nanaimo,BC,V9R 6N7,(250) 755-1755,(250) 753-0016,http://www.campingbc.com
409,Loaves & Fishes Community Food Bank,Community Service,210 Fry Street,Nanaimo,BC,V9R 4Z1,(250) 754-8347,(250) 754-8349,http://www.nanaimoloavesandfishes.org
1022,London Drugs (Nanaimo N),Retail,175 - 4750 Rutherford Rd.,Nanaimo,BC,V9T 4K6,(250) 760-2030,(250) 760-2013,http://www.londondrugs.com
413,London Drugs (Port Place),Retail,2-650 South Terminal Ave.,Nanaimo,BC,V9R 5E2,(250) 753-8295,(250) 753-5197,http://www.londondrugs.com
1302,Long Lake Sports & Orthopaedic Physiotherapist Corp.,Health Care & Personal Services,#2 - 4906 Wellington Rd.,Nanaimo,BC,V9T 4B8,(250) 751-0222,(250) 751-0809,http://www.longlakephysio.com
1628,Longwood Brewpub,"Restaurants, Food & Beverage",5775 Turner Road,Nanaimo,BC,V9T 6L8,(250) 729-8225,(250) 729-8856,http://www.longwoodbrewpub.com
4556,Labrecque Business Consulting,Professional Services,P.O. Box 20067,Qualicum Beach,BC,V9K OB1,(778) 835-0091,N/A,http://mikelabrecque.com
3463,Ladybelle Bridal,Retail,373 Franklyn Street,Nanaimo,BC,V9R 2X5,(250) 933-4300,N/A,http://www.ladybellebridal.com
4493,Law Office of Matthew J. Van Den Hooven,Legal Services,PO Box 16,Nanaimo,BC,V9R 5K4,(888) 519-9001,(250) 800-2008,http://www.vandenhooven.ca
4517,Leann Crook,Individual,N/A,Nanaimo,BC,N/A,(780) 271-6778,N/A,N/A
5858,LegalShield Independent Consultant,Legal Services,N/A,Nanaimo,BC,V9S 1H8 ,(250) 713-9790,N/A,http://www.deniemccoy.com
4566,LegArt Apparel,Retail,102-335 Wesley St,Nanaimo,bc,V9R2T5,(250) 709-9690,N/A,http://www.legart.ca
3385,N/A,N/A,N/A,N/A,N/A,N/A,N/A,N/A,N/A
4509,LogoWest Promotional Products,Advertising & Media,#2 300 Terminal Avenue,Nanaimo,BC,V9R 5C8,(250) 591-0979,N/A,http://logowest.ca
4487,Long Lake Chiropractic Centre,Health Care & Personal Services,3955 Victoria Ave,Nanaimo,BC,V9T 1C9,(250) 758-1531,N/A,http://www.myspine.ca
5646,Lussier & Son Contracting Ltd.,"Construction, Materials, Contractors",N/A,Nanaimo,BC,V9R 6X3,(250) 758-1877,N/A,http://www.lussiersoilandbark.com
621,M. Graham & Associates Inc. CGA,Accounting  & Bookkeeping,55 Museum Way,Nanaimo,BC,V9R 0B5,(250) 754-1852,(250) 754-1856,http://www.mgadvantage.ca
1458,Madrona Imaging Inc.,Health Care & Personal Services,1804 Bowen Rd. #A,Nanaimo,BC,V9S 5W4,(250) 753-4351,(250) 753-0856,http://www.madronaimaging.com
1287,Madsen Centre Massage Therapy Clinic,Health Care & Personal Services,"1801 Bowen Rd., Unit 103",Nanaimo,BC,V9S 1H1,(250) 591-5901,N/A,N/A
2171,Manly Media Ltd,Creative Services,61 Garner Crescent ,Nanaimo,BC,V9R 2A5,(250) 754-9254,N/A,http://www.ManlyMedia.com
813,Marilyn Sullivan,Individual,3542 Country Club Dr.,Nanaimo,BC,V9T 1T9,(250) 716-6110,N/A,N/A
1126,Marshall & Associates,Health Care & Personal Services,35A Commercial Street,Nanaimo,BC,V9R 5L3,(250) 754-7703,(250) 754-7494,http://www.marshallcounselling.ca
5853,Master Financial Services Corp,Insurance ,6606 Dover Road,Nanaimo,BC,V9V 1A6,250-390-3331,N/A,http://www.elderplan.ca
443,Mayco Mix,"Construction, Materials, Contractors",Box 542,Nanaimo,BC,V9R 5L5,(250) 722-0064,(250) 722-2720,http://www.maycomix.com
445,Mazzei Electric,"Construction, Materials, Contractors",1910 Northfield Rd.,Nanaimo,BC,V9S 3B5,(250) 751-1727,(250) 751-8172,http://www.mazzeielectric.com
447,McDonalds Restaurants,"Restaurants, Food & Beverage",4725 Rutherford Rd,Nanaimo,BC,V9T 4K6,(250) 758-3422,(250) 729-0950,http://www.mcdonalds.ca
454,McLean's Specialty Foods,"Restaurants, Food & Beverage",426 Fitzwilliam St,Nanaimo,BC,V9R 3B1,(250) 754-0100,(250) 754-0161,http://www.mcleansfoods.com
1717,Medicine Shoppe Pharmacy #332,Health Care & Personal Services,4186A Departure Bay Rd.,Nanaimo,BC,V9T 4B7,(250) 760-0073,(250) 760-0083,N/A
458,Metal Supermarkets,"Construction, Materials, Contractors",1 - 2266 McGarrigle Rd.,Nanaimo,BC,V9S 4M6,(250) 751-2323,(250) 751-2303,http://www.metalsupermarkets.com
460,Mid Island Auto Collision Ltd,Automotive,123 Terminal Ave,Nanaimo,BC,V9R 5C6,(250) 753-5123,(250) 753-5125,http://www.midislandcollision.ca
461,Mid Island Consumer Services Co-op,Automotive,103 - 2517 Bowen Rd,Nanaimo,BC,V9T 3L2,(250) 729-8402,(250) 729-8426,http://www.midisland.coop
1337,MidIsland U-Lock Mini Storage,Moving & Storage,4388 Wellington Rd.,Nanaimo,BC,V9T 2H3,(250) 756-4448,(250) 756-4404,http://www.selfstorage.ca
1683,Milner Group Ventures Inc.,"Construction, Materials, Contractors",2240 Jeffs Rd.,Nanaimo,BC,V9S 5P7,(250) 756-0773,(250) 756-0474,http://www.milnergroup.ca
2246,Milton Street Public House,"Restaurants, Food & Beverage",247 Milton St.,Nanaimo,BC,V9R 2K5,(250) 591-1090,N/A,http://www.miltonstreet.ca
459,MNP LLP,Professional Services,345 Wallace St. ,Nanaimo,BC,V9R 5B6,(250) 753-8251,(250) 754-3999,http://www.mnp.ca
164,Mobalign Services Inc.,Automotive,6037 Shanda Place,Nanaimo,BC,V9T 6C3,(250) 729-7001,(250) 729-7019,http://www.mobalign.com
1399,N/A,N/A,N/A,N/A,N/A,N/A,N/A,N/A,N/A
1455,Monk Office,Professional Services,800 Viewfield Rd.,Victoria,BC,V9A 4V1,1-800-735-3433,N/A,http://www.monk.ca
1414,Mont & Walker Law Corporation,Legal Services,201 Selby St.,Nanaimo,BC,V9R 2R2,(250) 753-6435,(250) 753-5285,http://www.islandlaw.ca
669,Mosaic Information Technologies Ltd.,Computer & Information Technology,41 Nicol St.,Nanaimo,BC,V9R 4S7,(250) 591-1777,N/A,http://www.mosaicit.ca
4520,Madeleine Francis Massage Therapy,Health Care & Personal Services,N/A,Nanaimo,BC,N/A,(250) 618-6748,N/A,N/A
5752,Mahle House Restaurant,"Restaurants, Food & Beverage",2104 Hemer Road ,Nanaimo ,BC,V9X 1L8,(250) 722-3621,N/A,http://mahlehouse.ca
4490,"Maier, Carol",Individual,N/A,N/A,N/A,N/A,(250) 886-7356,N/A,N/A
3454,Marna De Kwant,Individual,PO Box 343 Stn Main,Parksville,BC,V9P 2G5,(250) 951-3818,N/A,N/A
5606,Marty Steele,Individual,General Delivery Station A,Nanaimo,BC,V9R5J9,(250) 327-7676,N/A,N/A
4528,Medix EMS,Health Care & Personal Services,350 Dogwood Drive,Ladysmith,BC,V8L 1T2,(250) 893-3418,(778) 351-2632,http://www.medixbc.ca
5856,Melange Restaurant,"Restaurants, Food & Beverage",223 A Commercial street,Nanaimo,BC,v9r 5g8,250 740 0163,N/A,N/A
5652,"Michelle Stilwell, MLA Parksville-Qualicum",Government,2b - 1209 Island Highway E.,Parksville,BC,V9P 1R5,(250) 248-2625,N/A,http://michellestilwellmla.ca
5570,Mid-Island Mortgage & Savings Ltd.,Banking,12-327 Prideaux Street,Nanaimo,BC,V9R 2N4,(250) 753-2242,(250) 753-2262,http://www.midislandmortgage.com
5679,Minute Men Moving & Storage Ltd.,Moving & Storage,1890 East Wellington Rd,Nanaimo,BC,V9S 5X7,(250) 754-7557,N/A,http://www.minute-men.com
4568,Mount Washington Alpine Resort,Travel & Accommodation,"PO Box 3069, STN Main",Courtenay,BC,V9N 5N3,(250) 338-1386,N/A,http://www.mountwashington.ca
367,NAI Commercial Central Vancouver Island,Real Estate & Property Management,201 - 155 Skinner St,Nanaimo,BC,V9R 5E8,(250) 753-5757,(250) 753-4993,http://www.naivanisle.ca/
481,Nanaimo & District Hospital Foundation,Community Service,102 - 1801 Bowen Rd.,Nanaimo,BC,V9S 1H1,(250) 755-7690,(250) 755-7939,http://www.nanaimohospitalfoundation.com
2052,Nanaimo Aboriginal Centre,Community Service,20 Fifth Street,Nanaimo,BC,V9R 1M7,(250) 585-0947,N/A,http://www.nanaimoaboriginalcentre.ca
1273,Nanaimo Affordable Housing Society,Community Service,350 Prideaux St.,Nanaimo,BC,V9R 6Z1,(250) 755-1158,(250) 755-1812,http://www.nahs.ca
482,Nanaimo Airport Commission,Professional Services,"PO Box 149, 3350 Spitfire Rd",Cassidy,BC,V0R 1H0,(250) 245-2157,(250) 245-4308,http://www.nanaimoairport.com
484,Nanaimo Art Gallery,Arts & Entertainment,150 Commercial St.,Nanaimo,BC,V9R 5G6,(250) 754-1750,N/A,http://www.nanaimoartgallery.com
1266,Nanaimo Association for Community Living,Community Service,Suite 201-96 Cavan St.,Nanaimo,BC,V9R 2V1,(250) 741-0224,(250) 741-0227,http://www.nanaimoacl.com
974,Nanaimo Blues Society,Arts & Entertainment,PO Box 306,Nanaimo,BC,V9R 5L3,(250) 739-2333,N/A,http://www.nanaimoblues.com
1584,Nanaimo Buccaneers Hockey Club Ltd.,Sports & Recreation,PO Box 2213 Stn A,Nanaimo,BC,V9R 6X6,(604) 378-8088,(250) 585-2827,http://buccaneers.vijhl.com/
2101,Nanaimo Business Services,Professional Services,303-194 Cliff St.,Nanaimo,BC,V9R 5E7,(250) 755-6487,N/A,http://www.nanaimobusinessservices.com
3405,N/A,N/A,2133 Bowen Road,Nanaimo,BC,V9S 1H8,(250) 756-1911,N/A,https://nanaimochamber.bc.ca/
133,Nanaimo Child Development Centre,Community Service,1135 Nelson St.,Nanaimo,BC,V9S 2K4,(250) 753-0251,(250) 753-5614,http://www.nanaimocdc.com
1093,Nanaimo Christian School,Education,198 Holland Rd.,Nanaimo,BC,V9R 6W2,(250) 754-4512,(250) 754-4271,http://www.ncsnanaimo.com
488,Nanaimo Community Hospice Society,Community Service,1080 St. George Crescent,Nanaimo,BC,V9S 1X1,(250) 591-8811,(250) 591-1858,http://www.nanaimohospice.com
491,Nanaimo Curling Club,Sports & Recreation,106 Wall Street,Nanaimo,BC,V9R 5L3,(250) 753-3474,(250) 753-4278,http://www.nanaimocurlingclub.ca
1800,Nanaimo Disability Resource Centre,Community Service,2 - 4166 Departure Bay Rd,Nanaimo,BC,V9T 4B7,(250) 758-5547,N/A,http://ndrc.info
2203,Nanaimo Division of Family Practice (NDoFP),Health Care & Personal Services,2137-A Bowen Road,Nanaimo,BC,V9S 1H8,(250) 591-1200,(250) 591-1205,https://www.divisionsbc.ca/nanaimo 
2029,Nanaimo Foodshare Society,Community Service,271 Pine Street,Nanaimo,BC,V9R 2B7,(250) 753-9393,(250) 753-9335,http://www.nanaimofoodshare.ca
1834,N/A,N/A,N/A,N/A,N/A,N/A,N/A,N/A,N/A
497,Nanaimo Golf Club,Sports & Recreation,2800 Highland Blvd,Nanaimo,BC,V9S 3N8,(250) 758-2451,(250) 758-9612,http://www.nanaimogolfclub.ca
2232,Nanaimo Hearing Clinic,Health Care & Personal Services,501-5800 Turner Rd.,Nanaimo,BC,V9T 6J4,(250) 585-4100,1-888-691-3147,http://www.nanaimohearingclinic.com
500,Nanaimo Honda Cars,Automotive,2535 Bowen Rd,Nanaimo,BC,V9T 3L2,(250) 758-3361,(250) 758-0323,http://www.nanaimohonda.com
2079,Nanaimo Ladysmith Public Schools SD 68 - Career Technical Centre,Education,1111 Dufferin Crescent,Nanaimo,BC,V9R 2B5,(250) 740-2032,(250) 740-2043,http://schools.sd68.bc.ca/ctc
1284,Nanaimo Ladysmith Schools Foundation,Education,355 Wakesiah Ave,Nanaimo,BC,V9R 3K5,(250) 753-4074,(250) 741-8326,http://www.nlsf.ca
213,Nanaimo Magazine,Advertising & Media,5116 Broughton Pl.,Nanaimo,BC,V9T 6L4,(250) 585-2767,N/A,http://www.nanaimomagazine.ca
1992,Nanaimo Marine Rescue Society,Marine,"PO Box 146, Stn A",Nanaimo,BC,V9S 5K9,N/A,N/A,http://www.rcmsar27.ca
2180,Nanaimo Minor Hockey Association,Sports & Recreation,750 Third St,Nanaimo,BC,V9R 7B2,(250) 754-5010,(250) 754-5030,http://www.hockeynanaimo.com
1370,Nanaimo Museum,Arts & Entertainment,100 Museum Way,Nanaimo,BC,V9R 5J8,(250) 753-1821,N/A,http://www.nanaimomuseum.ca
503,"Nanaimo News Bulletin, Black Press Media",Advertising & Media,777 Poplar St,Nanaimo,BC,V9S 2H7,(250) 753-3707,(250) 753-0788,http://www.nanaimobulletin.com
631,Nanaimo North Town Centre,Retail,Shape Property Management Corp.,Nanaimo,BC,V9T 4K6,(250) 758-8111,(250) 758-1084,http://www.nanaimonorth.com
2048,Nanaimo Organic Waste Ltd.,Professional Services,981 Maughan Rd.,Nanaimo,BC,V9X 1J2,(250) 722-4614,N/A,http://www.nanaimoorganicwaste.com
505,Nanaimo Port Authority,Marine,100 Port Dr,Nanaimo,BC,V9R 0C7,(250) 753-4146,(250) 753-4899,http://www.npa.ca
508,Nanaimo Region John Howard Society,Community Service,2353 Rosstown Road,Nanaimo,BC,V9T 3R6,(250) 754-1266,(250) 754-2340,http://johnhowardnanaimo.org
3312,Nanaimo Science and Sustainability Society,Community Service,2313 Ebbe Rd.,Nanaimo,BC,V9R 6V9,(250) 616-3812,N/A,http://www.nanaimoscience.org
509,Nanaimo Seniors Village,Community Service,6085 Uplands Dr,Nanaimo,BC,V9V 1T8,(250) 760-2325,(250) 760-2400,http://www.retirementconcepts.com
2128,Nanaimo Women's Business Network,Community Service,PO Box 1054 ,Nanaimo,BC,V9R 5Z2,(250) 585-3078,(250) 390-0099,http://www.nanaimowbn.com
514,Nanaimo Youth Services Association,Community Service,290 Bastion St,Nanaimo,BC,V9R 3A4,(250) 754-1989,(250) 754-8661,http://www.nysa.bc.ca
516,Nash Home Hardware,Retail,120 - 2000 N Island Hwy,Nanaimo,BC,V9S 5W3,(250) 758-8220,(250) 758-6377,http://www.homehardware.ca
520,Nesvog Meats & Sausage Co. Ltd.,"Restaurants, Food & Beverage",1533 Estevan Rd.,Nanaimo,BC,V9S 3Y3,(250) 753-4248,N/A,http://www.nesvogmeats.com
3281,New Heights Accounting Corp.,Accounting  & Bookkeeping,324 Harwell Road,Nanaimo ,BC,V9R 6V2,250 618-7800,N/A,http://newheightsaccounting.com
1562,New Horizons Christian Church,Community Service,5369 Leslie Cres.,Nanaimo,BC,V9V 1S9,(250) 618-2952,(250) 729-8137,http://www.nhchurch.ca
524,Newcastle Marina,Marine,1300 Stewart Ave,Nanaimo,BC,V9S 4E1,(250) 753-1431,(250) 753-2974,N/A
526,Nickel Bros. House Moving Ltd.,Moving & Storage,1990 Balsam Rd.,Nanaimo,BC,V9X 1T5,(250) 753-2268,(250) 753-8215,http://www.nickelbros.com
1343,Nicol Street Pawnbrokers Ltd.,Professional Services,124 Nicol St.,Nanaimo,BC,V9R 4S9,(250) 753-3355,(250) 753-6706,http://www.nicolpawn.ca
527,NISA,Computer & Information Technology,2237 Northfield Rd.,Nanaimo,BC,V9S 3C3,(250) 741-8483,N/A,http://www.nisa.net
1994,Norm's Mobile Service Ltd.,"Construction, Materials, Contractors",3365 Durnin Rd.,Nanaimo,BC,V9R 6V6,(250) 753-3641,(250) 591-1456,http://www.normsmobile.ca
1540,NPR Limited Partnership,Real Estate & Property Management,225-151 Wakesiah Avenue,Nanaimo,BC,V9R 3K1,250-755-1633,(250) 754-1144,http://www.npreit.com
2250,NYLA Fresh Thread,Retail,206 Commercial St.,Nanaimo,BC,V9R 5G7,(250) 716-3331,N/A,http://www.nylafreshthread.com
4565,Nanaimo 7-10 Club Society,Community Service,205-285 PrideauxSt,Nanaimo,BC,V9R 2N2,(250) 714-0917,N/A,http://www.nanaimo710club.com
5852,Nanaimo Brain Injury Society,Community Service,285 Prideaux St,Nanaimo,British Columbia,V9R 2N2,2507535600,N/A,http://nbis.ca
3477,Nanaimo Conservatory of Music,Arts & Entertainment,375 Selby Street,Nanaimo,BC,V9R 2R4,(250) 754-4611,N/A,http://ncmusic.ca
4522,Nanaimo Deep Discovery Association,Community Service,Ocean Discovery Centre,Nanaimo,BC,V9S 5S8,(250) 739-9122,N/A,http://ndda.ca
4557,Nanaimo Foundation,Community Service,205 - 75 Front street,Nanaimo,BC,V9R 5H9,(250) 734-3971,N/A,http://www.nanaimofoundation.com
5662,Nanaimo Innovation Academy,Education,905 Hecate Street,Nanaimo,BC,V9R 4K7,(250) 591-7700,N/A,http://www.nanaimoinnovation.org
3452,Nanaimo International Jazz Festival Association,Arts & Entertainment,180 Pirates Lane,Nanaimo,BC,V9R 6R1,(250) 667-0238,N/A,http://www.nanaimojazzfest.ca
3476,Nanaimo Memory & Complex Care,Health Care & Personal Services,4989 Wills Road,Nanaimo,BC,V9T 2K4,(778) 762-0072,N/A,http://www.nanaimomemorycare.com
5633,Nanaimo Pride Society,Community Service,PO BOX 1187 STN A,Nanaimo,BC,V9R 6E7,(778) 269-0232,N/A,http://nanaimopride.ca
5624,Nanaimo-Ladysmith Federal Liberal Riding Association,Community Service,"9, 111 Wall Street",Nanaimo,BC,V9S 5H9,(250) 667-0071,N/A,http://nanaimoladysmith.liberal.ca
5621,Nespresso,"Restaurants, Food & Beverage",3701 Reynolds Road,Nanaimo,BC,V9T 0J4,(250) 240-3609,N/A,http://www.nespresso.com/pro
5659,Nick Brown Real Estate,Real Estate,503 Comox Rd,Nanaimo,BC,V9R 3J2,(250) 710-3732,N/A,N/A
3398,N/A,N/A,N/A,N/A,N/A,N/A,N/A,N/A,N/A
5611,Nori Japanese Restaurant,"Restaurants, Food & Beverage",6750 Island Highway,Nanaimo,BC,V9V 1S3,(250) 751-3377,N/A,http://www.nanaimonori.com
3461,Nu-Star Heating and Cooling,"Construction, Materials, Contractors",2071 South Wellington Road,Nanaimo,BC,V9X 1R5,(250) 758-0470,N/A,http://www.heatpumpinfo.ca
219,Ocean's Edge Orthodontics,Health Care & Personal Services,101 - 6596 Applecross Rd.,Nanaimo,BC,V9V 0A4,(250) 390-1331,N/A,http://www.oceansedgeorthodontics.com
929,Oceanside Church International,Community Service,2304 Jingle Pot Rd.,Nanaimo,BC,V9R 6W2,(250) 740-1026,N/A,http://www.oceansidechurch.ca
1775,Oneaftereight Design Studio,Creative Services,3634 Sandra Road,Nanaimo,BC,V9T 4E9,(250) 668-9539,N/A,http://www.oneaftereight.com
542,Ono Trading Co,Retail,6481 Portsmouth Rd,Nanaimo,BC,V9V 1A3,(250) 390-4556,(250) 390-4012,http://www.onowork.com
155,Open Connection,Computer & Information Technology,39 - 3200 Island Hwy,Nanaimo,BC,V9T 1W1,(250) 729-0200,(250) 729-4947,http://www.openconnection.com
868,Origin at Longwood,Community Service,6205 Oliver Rd.,Nanaimo,BC,V9T 6T1,(250) 751-7755,(250) 751-7780,http://www.originway.ca
1632,Original Joe's,"Restaurants, Food & Beverage",3280 N. Island Highway,Nanaimo,BC,V9T 1W1,(250) 585-1563,(250) 585-1564,http://www.originaljoes.ca
3374,Oceanvale Mortgage & Finance,Finance,157-4750 Rutherford Rd.,Nanaimo,BC,V9T 4K6,(250) 591-5556,N/A,http://www.oceanvale.ca
1237,Pacific Rim Appraisals Ltd.,Professional Services,2 - 57 Skinner St.,Nanaimo,BC,V9R 5G9,(250) 754-3710,(250) 754-3701,http://www.pacificrimappraisals.com
553,PacificCARE Family Enrichment Society,Community Service,101 - 3156 Barons Rd.,Nanaimo,BC,V9T 4B5,(250) 756-2022,(250) 756-2021,http://www.pacific-care.bc.ca
557,Paradise Island Foods Inc,Retail,6451 Portsmouth Rd,Nanaimo,BC,V9V 1A3,(250) 390-2644,(250) 390-2117,http://www.paradise-foods.com
1450,Park Place Law,Legal Services,100 - 2124 Bowen Rd.,Nanaimo,BC,V9S 1H7,(250) 758-7758,(250) 758-7756,http://www.parkplacelaw.ca
2015,Parkway Driving Academy Ltd.,Automotive,12-4376 Boban Dr.,Nanaimo,BC,V9T 6A7,(250) 729-9397,(250) 729-9349,http://www.parkwaydrivingacademy.com
561,Pattie's Party Palace,Arts & Entertainment,9 - 4890 Rutherford Rd.,Nanaimo,BC,V9T 4Z4,(250) 751-3379,(250) 751-3671,N/A
562,Payworks,Professional Services,204-1005 Broad St.,Victoria,BC,V8W 2A1,(877) 598-8171,(250) 598-9551,http://www.payworks.ca
565,Penta Transport Ltd.,Moving & Storage,1620 Harold Road,Nanaimo,BC,V9X 1T4,(250) 753-5393,(250) 753-7560,http://www.pentatransport.com
1854,Pheasant Hill Homes Ltd.,"Construction, Materials, Contractors",Unit 9 - 2480 Kenworth Rd.,Nanaimo,BC,V9T 6M4,(250) 618-6880,(250) 585-1472,http://www.buildbetterhomes.ca
1747,Port-O-Call Inn & Suites,Travel & Accommodation,505 North Terminal Ave.,Nanaimo,BC,V9S 4K1,(250) 753-3421,N/A,http://www.portocallnanaimo.com
1270,Price's Alarms,Professional Services,6 - 1850 Northfield Rd.,Nanaimo,BC,V9S 2L8,(250) 756-0212,N/A,http://www.pricesalarms.ca
2188,Pro Elvis Jumpsuits,Creative Services,957 Townsite Rd,Nanaimo,BC,V9S 1M5,(250) 714-8744,N/A,http://www.proelvisjumpsuits.com
1693,Proline Management,Real Estate & Property Management,108-5070 Uplands Dr,Nanaimo,BC,V9T 6N1,(250) 754-6440,N/A,http://www.prolinemanagement.com/
1728,ProPacific Restorations Ltd.,"Construction, Materials, Contractors",1720 Fleet Place,Nanaimo,BC,V9S 5M2,(250) 756-9966,(250) 756-9933,http://pro-pacific.ca
5643,PacificSport Vancouver Island,Community Service,839 Old Victoria Road,Nanaimo,BC,V9R 5Z9,(250) 754-6200,N/A,http://pacificsportvi.com
3478,Pactow Transport Service,Automotive,2900 Meadow Drive,Nanaimo,BC,V9R 7C6,(250) 754-6804,(250) 754-4818,N/A
3437,Paquette and Associates,Accounting  & Bookkeeping,946 Highview Terrace,Nanaimo,BC,V9R 6K5,(250) 755-1808,N/A,N/A
3485,Parker Marine Nanaimo Ltd.,Marine,1920 E Wellington Rd,Nanaimo,BC,V9S 1H8 ,(250) 334-4808,(250) 741-1623,http://www.parkermarine.ca
5777,Parkshore Projects Ltd.,"Construction, Materials, Contractors",164 Nicol Street,Nanaimo,BC,V9R 4S9,778-888-4364,N/A,http://parkshore.ca
3475,Partnership Group,Professional Services,6681 Mary Ellen Drive,Nanaimo,BC,V9T 6M7,(403) 617-9553,(888) 486-3407,http://www.partnershipgroup.ca
5666,N/A,N/A,102-155 Skinner Street,Nanaimo,BC,V9R 5E8,(778) 268-0850,N/A,http://www.mcmurchylaw.ca
5632,Pattison Outdoor Advertising,Advertising & Media,1027 Pandora Ave,Victoria,BC,V8V 3P6,(778) 535-7078,N/A,http://www.pattisonoutdoor.com
5860,Pedego Electric Bikes Nanaimo,Retail,"101, 5200 Dublin Way",Nanaimo,BC,V9T 0H2,250 585 2725,N/A,http://pedegonanaimo.ca
5617,Piccadilly Bistro,"Restaurants, Food & Beverage",2367 Arbot Road,Nanaimo,BC,V9R 6S9,(250) 591-5516,N/A,N/A
5640,Planet Fitness Nanaimo,Sports & Recreation,"6461 Metral Dr., Unit 108",Nanaimo,BC,V9T 2L9,(250) 933-6595,N/A,http://www.planetfitness.ca
5681,Platinum Property Group,Real Estate,707-777 West Broadway,Vancouver,BC,V6Z 4J7,(778) 945-1819,N/A,N/A
5678,Polaris Solutions Inc,Insurance ,Unit 101-5180 Dublin Way,Nanaimo,BC,v9t 0H2,(250) 585-2778 x4,N/A,http://www.polarissolutions.ca
5861,Pot Leaf News,Advertising & Media,5465 Carmichael Rd,Ladysmith,BC,V9G1L8,604-314-9188,N/A,http://potleafnews.com
5604,Praxis Performance Group Inc.,Professional Services,14-292 Gower Point Rd. ,Gibsons,BC,V0N 1V9,(604) 840-9777,N/A,http://www.praxisgroup.ca
5641,Project Management Institute Vancouver Island Chapter,Professional Services,na,na,na,na,(250) 751-4862,N/A,http://www.pmivi.org/
5677,Pure Chiropractic,Health Care & Personal Services,1-5144 Metral Drive,Nanaimo,British Columbia,V9T 2K8,(250) 585-8866,N/A,http://purechiro.ca
5609,Pye Design,Advertising & Media,506 - 6025 Linley Valley Drive,Nanaimo,BC,V9T 0K7,(250) 816-2793,N/A,http://www.pyedesign.ca
3294,Qualicum Beach Inn - CView Restaurant,"Restaurants, Food & Beverage",2690 Island Highway West,Qualicum Beach,BC,V9R 1G8,(250) 752-6914,N/A,http://www.qualicumbeachinn.com/restaurant
589,Quality Foods - 5th St.,Retail,100-530 5th St.,Nanaimo,BC,V9R 1P1,(250) 754-6012,(250) 754-6072,http://www.qualityfoods.com
587,Quality Foods - Bowen Rd.,Retail,7-2220 Bowen Rd,Nanaimo,BC,V9S 1H9,(250) 758-3733,(250) 758-8935,http://www.qualityfoods.com
588,Quality Foods - Turner Rd.,Retail,101-5800 Turner Rd.,Nanaimo,BC,V9T 1J6,(250) 756-3929,(250) 756-3914,http://www.qualityfoods.com
3253,Quarterway Childcare Centre,Community Service,1601 Creekside Dr.,Nanaimo,BC,V9S 5V8,(250) 740-2599,N/A,http://www.quarterwaychildcare.com
592,R.W. (Bob) Wall Ltd.,"Construction, Materials, Contractors",6040 Hammond Bay Rd.,Nanaimo,BC,V9T 5M4,(250) 756-2707,(250) 756-2785,http://www.bobwallcontracting.com
1077,Ramada Nanaimo Inn & Suites Inc.,Travel & Accommodation,315 Rosehill St.,Nanaimo,BC,V9S 1E3,(250) 716-2009,N/A,http://www.ramada.com/hotels/british-columbia/nanaimo/ramada-nanaimo/hotel-overview
595,Ramsay Lampman Rhodes,Legal Services,111 Wallace St.,Nanaimo,BC,V9R 5B2,(250) 754-3321,(250) 754-1148,http://www.rlr-law.com
598,RBC Dominion Securities,Finance,101-5050 Uplands Dr.,Nanaimo,BC,V9T 6N1,(250) 729-3200,(250) 729-3272,https://profile.rbcwealthmanagement.com/nanaimo.branch
607,RE/MAX of Nanaimo - Charlie Parker,Real Estate & Property Management,1 - 5140 Metral Dr,Nanaimo,BC,V9T 2K8,(250) 751-1223,(250) 751-1300,http://www.charlieparker.ca
1805,RE/MAX of Nanaimo - Martin Velsen,Real Estate,1-5140 Metral Dr.,Nanaimo,BC,V9T 2K8,(250) 327-2324,(250) 751-1300,http://www.martinvelsen.com
1045,RE/MAX of Nanaimo - Rhonda Heaslip,Real Estate,1 - 5140 Metral Dr.,Nanaimo,BC,V9T 2K8,(250) 751-1223,(250) 751-1300,http://www.heasliphomes.com
601,RE/MAX of Nanaimo - Subhadra Ghose,Real Estate,1 - 5140 Metral Dr.,Nanaimo,BC,V9T 2K8,(250) 751-1223,N/A,http://www.sueghose.com
1587,Rideout Communications,Advertising & Media,37060 Country Club Centre,Nanaimo,BC,V9T 6N4,(250) 585-3452,N/A,http://rideoutcommunications.com
791,"Roden & Associates, Chartered Professional Accountants",Accounting  & Bookkeeping,348 Wesley St,Nanaimo,BC,V9R 2T6,(250) 754-2368,(250) 754-8345,http://www.racpa.ca
1416,"Routley MLA, Doug",Government,Unit 112 - 50 Tenth St.,Nanaimo,BC,V9R 6L1,(250) 716-5221,(250) 716-5222,http://www.dougroutley.ca
626,Royal Bank of Canada (Brooks Landing),Banking,110-2000 Island Hwy. N.,Nanaimo,BC,V9S 5W3,(250) 729-4030,(250) 758-2317,http://www.rbc.com
628,Royal Bank of Canada (Business Banking),Banking,205 Commercial St,Nanaimo,BC,V9R 5G8,(250) 741-3516,(250) 741-3521,http://www.rbc.com
625,Royal Bank of Canada (Downtown),Banking,205 Commercial St.,Nanaimo,BC,V9R 5G8,(250) 741-3505,(250) 741-3548,http://www.rbc.com
627,Royal Bank of Canada (Woodgrove),Banking,49-6631 Island Hwy. N.,Nanaimo,BC,V9T 4T7,(250) 390-5847,(250) 390-2154,http://www.rbc.com
630,"Royal LePage-Nanaimo Realty - Barry Clark - CEO, Travis Carmichael - President ",Real Estate & Property Management,4200 Island Highway North,Nanaimo,BC,V9T 1W6,(250) 756-1132,(250) 756-1210,http://www.royallepagenanaimo.ca
2210,Russ Burke,Individual,6061 Parkway Dr,Nanaimo,BC,V9V 1G2,N/A,N/A,N/A
5648,Radar Hill Website Design & Marketing,Creative Services,3301 Douglas Street,Victoria,BC,V8Z 3L2,1-866-477-6395,N/A,http://www.radarhill.com
5791,Red Shelf Decor,Retail,C - 123 Commercial Street,Nanaimo,BC,V9R 5G5,250-891-3142,N/A,http://www.redshelfdecor.ca
5872,Revive Laser & Beauty Studio,Health Care & Personal Services,204 - 550 5th Street,Nanaimo,BC,V9R1P1,2506166067,N/A,http://https://www.revivelaserandbeauty.com
4549,"Robbins & Company, CPAs",Accounting  & Bookkeeping,10 Esplanade,Nanaimo,BC,V9R 4Y7,(250) 591-0360,N/A,http://www.robbinsandco.ca
3363,Rockmoor Wealth Management,Finance,100B - 5279 Rutherford Road,Nanaimo,BC,V9T 5N9,(250) 618-0386,(250) 585-2090,http://www.rockmoorwealth.com
640,Sands Funeral Chapel Cremation & Reception Centre by Arbor Memorial,Funeral Services,1 Newcastle Ave,Nanaimo,BC,V9S 4H6,(250) 753-2032,(250) 753-4014,http://www.sandsnanaimo.ca
651,School District 68 (Nanaimo-Ladysmith),Education,395 Wakesiah Ave.,Nanaimo,BC,V9R 3K6,(250) 741-5231,(250) 741-5218,http://www.sd68.bc.ca
646,Scotiabank - Commercial St.,Banking,65 Commercial St.,Nanaimo,BC,V9R 5G3,(250) 716-2305,(250) 716-2324,http://www.scotiabank.ca
647,Scotiabank - North Island Hwy.,Banking,101-6750 North Island Hwy.,Nanaimo,BC,V9V 1S3,(250) 390-5975,(250) 390-5999,http://www.scotiabank.com
652,Sea Lion Services Ltd,Marine,978 Beach Dr,Nanaimo,BC,V9S 2Y3,(250) 754-4980,N/A,N/A
253,Seacliff Properties,Sports & Recreation,#305 -1788 West 5th Avenue,Vancouver,BC,V6J 1P2,(604) 957-4220,N/A,http://seacliffgroup.com
1136,Seamor Marine Ltd.,Marine,1914 Northfield Rd.,Nanaimo,BC,V9S 3B5,(250) 729-8899,(250) 729-8896,http://www.seamor.com
1253,Seaspan Ferries Corp.,Marine,Site 2 - 850 Jackson Rd.,Nanaimo,BC,V9X 1J2,(250) 618-1253,(250) 722-6854,http://www.seaspanferries.com
656,Securco Services,Professional Services,704 Fitzwilliam St,Nanaimo,BC,V9R 3B6,(250) 754-6014,(250) 754-3848,http://www.securco.com
660,Service Canada,Government,201 - 60 Front St,Nanaimo,BC,V9R 5H7,(800) 622-6232,(250) 754-0301,http://www.servicecanada.gc.ca
1466,Seven Sails Dental Centre,Health Care & Personal Services,101 - 1629 Townsite Rd.,Nanaimo,BC,V9S 1N3,(250) 754-8880,(250) 754-8600,N/A
1404,Shaw Cablesystems GP,Computer & Information Technology,4316 Boban Drive,Nanaimo,BC,V9T 6A7,(250) 618-2215,(250) 760-1991,http://business.shaw.ca
50,Shear Agony Barber Shop,Health Care & Personal Services,Unit 11-1150 North Terminal Ave.,Nanaimo,BC,V9S 5L6,(250) 716-1967,N/A,N/A
2226,"Sheila Malcolmson, MLA Nanaimo",Government,Box 1179,Ladysmith,BC,V9G 1A8,(250) 245-2553,(250) 245-5531,N/A
668,SignAge,Professional Services,#103 - 2046 Boxwood Road,Nanaimo,BC,V9S 5W7,(250) 756-7977,(250) 756-7996,http://www.signagecanada.ca
2167,Smythe Insolvency Inc.,Finance,201-1825 Bowen Road,Nanaimo,BC,V9S 1H1,(778) 762-0800,N/A,http://www.smytheinsolvency.com
384,Smythe LLP,Accounting  & Bookkeeping,201-1825 Bowen Rd,Nanaimo,BC,V9S 1H1,(250) 755-2111,N/A,http://www.smythecpa.com
674,Snip & Stitch Sewing Centre Ltd.,Retail,1 - 4047 Norwell Dr,Nanaimo,BC,V9T 1Y6,(250) 756-2176,(250) 756-2178,http://www.snipandstitch.com
675,Snuneymuxw First Nation,Community Service,668 Centre St,Nanaimo,BC,V9R 4Z4,(250) 740-2300,(250) 753-3492,http://www.snuneymuxw.ca
1832,Sonny's Jewellers ,Retail,2-2220 Bowen Rd.,Nanaimo,BC,V9S 1H9,(250) 751-0311,N/A,N/A
2150,Sorensen Trilogy Engineering Ltd,"Construction, Materials, Contractors",Unit C - 5107 Somerset Drive,Nanaimo,BC,V9T 2K5,(250) 585-1360,(250) 585-1361,https://www.sorensentrilogy.ca
823,Splitsville Entertainment Ltd.,Sports & Recreation,171 Calder Rd.,Nanaimo,BC,V9R 6J2,(250) 754-2442,N/A,http://www.splitsville.ca
2144,Sprint Electrical Services Ltd.,Professional Services,4 -7221 Lantzville Rd.,Lantzville,BC,V0R 2H0,(250) 933-5557,N/A,http://sprintelectrician.com
682,Sprott-Shaw College,Education,6 - 140 Terminal Ave,Nanaimo,BC,V9R 5C5,(250) 754-9600,(250) 754-9610,http://www.sprottshaw.com/locations/bc/nanaimo
2205,SRFax,Professional Services,203-5190 Dublin Way,Nanaimo,BC,V9T 0H2,(604) 713-8000,(604) 713-6699,http://www.srfax.com
3280,SRM Consulting Ltd,Professional Services,212 Rockmount Place,Nanaimo,BC,V9T 4H5,250 668 8529,N/A,N/A
684,St John Ambulance,Community Service,2250 Labieux Rd.,Nanaimo,BC,V9T 6J9,(250) 729-8889,(250) 729-8911,http://www.sja.ca/bcyukon
683,St. Jean's Cannery and Smokehouse,Retail,242 Southside Dr.,Nanaimo,BC,V9R 6Z5,(250) 754-2185,(250) 754-5923,http://www.stjeans.com
685,StaffQuest Placement Group Inc.,Professional Services,3 - 2025 Bowen Rd,Nanaimo,BC,V9S 5W6,(250) 751-2717,(250) 751-8154,http://www.staffquest.ca
192,Stamford Properties Ltd.,"Construction, Materials, Contractors",2858 Twin Oaks Dr.,Ladysmith,BC,V9G 1C7,(250) 722-2692,N/A,N/A
945,Stones Marina Centre Inc.,Marine,1690 Stewart Ave.,Nanaimo,BC,V9S 4E1,(250) 753-4232,(250) 753-4204,http://www.stonesmarina.com
695,"Strain & Company, Barristers & Solicitors",Legal Services,101 - 360 Selby St.,Nanaimo,BC,V9R 2R5,(250) 753-0860,(250) 753-0861,http://www.nanaimofamilylaw.com
2237,Strategic Natural Resource Consultants,Professional Services,204A-2520 Bowen Rd.,Nanaimo,BC,V9T 3L3,(250) 758-0010,N/A,http://www.snrc.ca
2241,Sukkho Thai ,"Restaurants, Food & Beverage",A-123 Commercial St.,Nanaimo,BC,V9R 5G5,(250) 591-8424,N/A,http://www.sukkhothai.ca
697,Superior Propane,"Construction, Materials, Contractors",2585 McCullough Road,Nanaimo,BC,V9S 4M9,(250) 729-3286,N/A,http://www.superiorpropane.com
1050,Supreme Self Storage,Moving & Storage,40 Maki Rd.,Nanaimo,BC,V9R 6Z9,(250) 755-3033,(250) 755-3077,http://www.supremeselfstorage.com/
699,Sutton Group West Coast Realty,Real Estate & Property Management,604-5800 Turner Rd.,Nanaimo,BC,V9T 6J4,(250) 756-2112,(250) 756-9144,N/A
2244,Syryus Solutions Ltd.,Accounting  & Bookkeeping,4-2025 Bowen Rd.,Nanaimo,BC,V9S 5W6,(250) 751-1848,N/A,http://www.syryus.com
5638,Sands & Associates,Finance,Suite 102 155 Skinner Street,Nanaimo,BC,V9R 5E8,(778) 841-0102,N/A,http://www.sands-trustee.com
5737,N/A,N/A,"21 Captain Kidds Terrace, Nanaimo BC",Nanaimo,BC,V9R6R1,(250) 619-4043,N/A,http://Facebook
5605,Shelly McNeil Realty Royal LePage,Real Estate,4200 Island Hwy N,Nanaimo,BC,V9T 1WX,(250) 713-0334,N/A,http://shellymcneilrealtor.com
4530,Shoreline Orthodontics,Health Care & Personal Services,#2 - 1500 Waddington Road,Nanaimo,BC,V9S 4V9,(250) 753-0111,N/A,http://www.shorelineorthodontics.com
5616,ShurIT Technology Solutions Ltd.,Computer & Information Technology,6643 Jenkins Rd,Nanaimo,BC,V9T 6J3,(778) 817-0474,N/A,http://www.shurit.ca
3319,SJM Office Services,Accounting  & Bookkeeping,28 Wakesiah Avenue,Nanaimo,BC,V9R 3J8,250-802-7117,N/A,N/A
4552,Slice Resto,"Restaurants, Food & Beverage",1830 Cedar Road,Nanaimo,BC,V9X1H9,(250) 722-3838,N/A,http://sliceresto.com
1438,Sloan's Painting,"Construction, Materials, Contractors",Unit #13-4376 Boban Drive,Nanaimo,BC,N/A,(250) 585-8989,(250) 585-8981,http://www.sloanspainting.ca
2018,Sofa Source,Retail,5140 Metral Dr.,Nanaimo,BC,V9T 2K8,(250) 585-2515,N/A,http://www.sofasource.ca
5625,Start.Up Crypto,Education,690 Howard Avenue,Nanaimo,Bc,V9R 3S7,(250) 308-9253,N/A,http://www.startup-crypto.com
5591,Sterling IT Management Ltd.,Computer & Information Technology,516 - 280 Cypress Street,Nanaimo,BC,V9S 1R9,(778) 762-3775,N/A,http://www.sterlingit.ca
1509,N/A,N/A,N/A,N/A,N/A,N/A,N/A,N/A,N/A
4543,Sun Porch Homes Ltd.,"Construction, Materials, Contractors",PO Box 218 Stn A,Nanaimo,BC,V9R 5K9,(604) 345-3482,N/A,http://www.sunporchhomes.com
4546,Swaffield Marketing Inc.,Professional Services,313 Cambridge Place,Nanaimo,BC,V9V 1A9,(604) 835-1079,N/A,http://www.jimswaffield.com
5801,N/A,N/A,36-9781 Douglas Ave,Nanaimo,BC,V9R 6C1,(778) 269-3089,N/A,N/A
704,Taste of BC,"Restaurants, Food & Beverage",2930 Jameson Rd.,Nanaimo,BC,V9R 6W8,(250) 755-4077,N/A,http://www.littlecedarfalls.com
982,Taylor Made Bookkeeping Solutions Inc.,Accounting  & Bookkeeping,13B 327 Prideaux St,Nanaimo,BC,V9R 2N4,(250) 245-7952,(250) 245-7962,http://www.tmbsolutions.ca
705,TD Canada Trust (Dufferin Cres),Banking,1810 Dufferin Cres.,Nanaimo,BC,V9S 0A9,(250) 716-2600,(250) 716-2610,http://www.tdcanadatrust.com
707,TD Canada Trust (Longwood Station),Banking,"Longwood Station, #1 - 5777 Turner Rd",Nanaimo,BC,V9T 6L8,(250) 390-1248,(250) 390-1296,http://www.tdcanadatrust.com
1507,TD Canada Trust (Port Place),Banking,9 Nicol St.,Nanaimo,BC,V9R 7A5,(250) 734-7590 Ext 250,(250) 734-7591,http://www.tdcanadatrust.com
706,TD Canada Trust (Terminal Park),Banking,"Terminal Park Shopping Ctr., 1-1150 N. Terminal Ave",Nanaimo,BC,V9S 5L6,"(250) 754-7731, ext 300",(250) 754-1930,http://www.tdcanadatrust.com
1145,Tectonica Management Inc.,"Construction, Materials, Contractors",201 - 890 Crace St.,Nanaimo,BC,V9R 2T3,(250) 714-0062,(250) 714-0063,http://www.tectonica.ca
1259,TELUS,Computer & Information Technology,3301 Shenton Rd.,Nanaimo,BC,V9T 4H4,(250) 729-7616,N/A,http://www.telus.com
1308,Tempo Dance Academy,Sports & Recreation,#4 - 6421 Applecross Road,Nanaimo,BC,V9V 1N1,(250) 390-2633,N/A,http://www.tempodanceacademy.com
3299,The Kidney Foundation of Canada,Community Service,135 Prince John Way,Nanaimo,BC,V9T 1K1,(778) 971-0300,N/A,http://kidney.bc.ca/nanaimo
1476,The Leadership Society of Vancouver Island (LVI),Community Service,c/o 135 Third Street,Duncan,BC,V9L 1R9,(250) 746-1004 Ext 228,N/A,http://www.leadershipvi.com
569,The Pest Doctor,Professional Services,210-55 Victoria Rd.,Nanaimo,BC,V9R 5N9,(250) 751-4393,(250) 754-5281,http://www.thepestdoctor.com
575,The Port Theatre,Arts & Entertainment,125 Front St,Nanaimo,BC,V9R 6Z4,(250) 754-4555,(250) 754-4595,http://www.porttheatre.com
635,The Salvation Army,Community Service,505 - 8th St.,Nanaimo,BC,V9R 1B5,(250) 740-1004,(250) 753-1914,http://www.salvationarmy.ca
5610,The VANISLE PROVINCE Party,Community Service,126-1142 Woss Lake Road,Nanaimo,BC,V9R 6X7,(250) 388-4274,N/A,http://www.VanIsleParty.com
711,TheatreOne,Arts & Entertainment,150 Commercial St.,Nanaimo,BC,V9R 5G6,(250) 754-7587,N/A,http://www.theatreone.org
1502,Thompson Godfrey Group,Real Estate,1 - 5140 Metral Dr.,Nanaimo,BC,V9T 2K8,(250) 751-1223,(250) 751-3577,http://www.thompsongodfrey.com
2209,"Thurmeier, Rick",Individual,N/A,Nanaimo,BC,N/A,N/A,N/A,N/A
803,Tiah M. Workman Notary Corporation,Legal Services,101-5220 Dublin Way,Nanaimo,BC,V9T 2K8,(250) 756-7720 ex 105,(250) 756-7721,http://www.nanaimonotary.ca
1222,Tigh-Na-Mara Seaside Spa Resort & Conference Centre,Travel & Accommodation,1155 Resort Dr.,Parksville,BC,V9P 2E3,(250) 248-2072,(250) 248-4140,http://www.tigh-na-mara.com
715,Tillicum Lelum Aboriginal Society,Community Service,927 Haliburton St.,Nanaimo,BC,V9R 6N4,(250) 753-8291,(250) 753-6560,http://www.tillicumlelum.ca
2093,Tilray Canada Ltd.,Health Care & Personal Services,1100 Maughan Rd.,Nanaimo,BC,V9X 1J2,(844) 845-7291,(250) 722-3954,http://www.tilray.ca
716,TimberWest,Professional Services,201-648 Terminal Ave.,Nanaimo,BC,V9R 5E2,(250) 716-3700,(250) 716-3763,http://www.timberwest.com
722,Tourism Vancouver Island,Professional Services,501 - 65 Front St.,Nanaimo,BC,V9R 5H9,(250) 740-1211,(250) 754-3599,http://www.VancouverIsland.Travel
351,Trio Accounting Solutions Ltd.,Accounting  & Bookkeeping,2219C McGarrigle Rd.,Nanaimo,BC,V9S 4M4,(250) 751-1771,(250) 751-3068,http://trioasl.com
732,Trojan Collision,Automotive,3601 Shenton Rd.,Nanaimo,BC,V9T 2H1,(250) 756-1266,(250) 756-1374,N/A
734,Turley's Florist,Professional Services,60 Terminal Ave,Nanaimo,BC,V9R 5C3,(250) 754-6344,(250) 754-2191,http://www.turleysflorist.com
5623,Tangible Design Co. Web & Print Designer,Creative Services,296 Kathryn Place,Nananimo,BC,V9R 6J1,(250) 618-5154,N/A,http://www.tangibledesignco.ca
4538,Teachable Moments Daycare,Education,6234 Spartan Road,Nanaimo,BC,V9T 2N9,(250) 616-9285,N/A,N/A
4501,Terrapure Environmental Ltd.,"Construction, Materials, Contractors",893 Van Isle Way,Victoria,BC,V9B 5R8,(250) 380-0436,N/A,http://www.terrapureenv.com 
5676,The Bilgola Group,Professional Services,3432 Ellis Place,Nanaimo,BC,V9T 5H5,(250) 619-3646,N/A,http://www.thebilgolagroup.com
4570,The Board Game House,Retail,411B Fitzwilliam Street,Nanaimo,BC,V9R 3A9,(250) 703-1669,N/A,http://www.bghouse.ca
5846,The Laundry Fairy,Health Care & Personal Services,3507 Littleford Rd.,Nanaimo,BC,V9T5J2,250-816-9600,N/A,http://www.thelaundryfairy.ca
5805,N/A,N/A,203 Finlayson St. ,Nanaimo,BC,V9R 2P6,(250) 668-3714,N/A,N/A
717,Tim's Automotive & Mobile Repair Ltd.,Automotive,1481 Bowen Rd.,Nanaimo,BC,V9S 1G4,(250) 753-1153,N/A,http://www.timsautorepair.ca
5620,Tofino Bus the island bus co,Professional Services,2230 McGarrigle Rd,Nanaimo,BC,V0R 2Z0,(250) 588-4571,N/A,http://tofinobus.com
4544,Tremain Media Inc,Advertising & Media,#120 - 256 Wallace St,Nanaimo,BC,V9R 5B3,(250) 286-3690,N/A,https://www.tremainmedia.com
5665,N/A,N/A,216-55 Victoria Rd,Nanaimo,BC,V9R 5N9,(250) 591-6454,N/A,N/A
740,United Floors,"Construction, Materials, Contractors",104-2520 Bowen Rd.,Nanaimo,BC,V9T 3L3,(250) 758-4664,(250) 758-7712,http://www.unitedfloors.ca
742,United Way Central & Northern Vancouver Island,Community Service,#9-327 Prideaux Street,Nanaimo,BC,V9R 2N4,(250) 591-8731,(250) 591-7340,http://www.uwcnvi.ca
2212,University Village Shopping Centre (Harewood Investments),Retail,530 5th St.,Nanaimo,BC,V9R 1P2,(250) 754-4471,(250) 754-4313,http://www.facebook.com/universityvillageshoppingcentre
3397,UBREAKIFIX  NANAIMO,Cell Phone & Computer Repair,#14 - 4890 Rutherford Rd.,Nanaimo,BC,V9T 5M1,(250) 585-0111,N/A,http://www.ubreakifix.com
5795,Unish Multi Trade Link,Arts & Entertainment,kapan,kathmandu,03 ,44800,9823392408,N/A,N/A
749,V.I. Vocational & Rehab. Services,Education,241 Milton St.,Nanaimo,BC,V9R 2K5,(250) 753-4225,(250) 753-8001,http://www.vivrs.ca
702,Van Houtte Coffee Services Inc.,"Restaurants, Food & Beverage",425 - D Madsen Rd,Nanaimo,BC,V9S 5X3,(250) 753-4107,(250) 754-7193,http://www.vanhoutte.com
768,Van Osch Innovation Ltd.,Professional Services,1280 Ruffels Road,Parksville,BC,V9P 2B6,(250) 753-5521,(250) 739-9617,http://www.voitraining.com
3300,Vancouver Canucks,Sports & Recreation,800 Griffiths Way,Vancouver,BC,V6B 6G1,(604) 899-7400,(604) 899-4601,http://www.canucks.com
1003,Vancouver Island Conference Centre,Professional Services,101 Gordon St.,Nanaimo,BC,V9R 5J8,(250) 244-4050,(250) 244-4055,http://www.viconference.com
872,Vancouver Island Crisis Society,Community Service,PO Box 1118,Nanaimo,BC,V9R 6E7,(250) 753-2495,(250) 753-2475,http://www.vicrisis.ca
752,Vancouver Island Exhibition Association,Arts & Entertainment,2300 Bowen Rd.,Nanaimo,BC,V9T 3K7,(250) 758-3247,(250) 758-3277,http://www.viex.ca
1945,Vancouver Island Mack Ltd.,Automotive,2213 McCullough Rd.,Nanaimo,BC,V9S 4M7,(250) 758-0185,(250) 758-2443,http://www.nanaimomack.com
758,Vancouver Island Real Estate Board,Real Estate & Property Management,6374 Metral Dr,Nanaimo,BC,V9T 2L8,(250) 390-4212,(250) 390-5014,http://www.vireb.com
760,Vancouver Island Symphony,Arts & Entertainment,Box 661,Nanaimo,BC,V9R 5L9,(250) 754-0177,(250) 754-0165,http://www.vancouverislandsymphony.com
2187,Vancouver Island Tree Service Ltd.,"Construction, Materials, Contractors",1495 Wilson Rd.,Nanaimo,BC,V9R 6R3,(250) 755-6799,N/A,http://www.vitree.ca
1570,Very Vintage Upcycled Chic,Retail,83 Commercial St.,Nanaimo,BC,V9R 5G3,(250) 591-1595,N/A,N/A
3330,VI Granite and Quartz Countertops Ltd.,"Construction, Materials, Contractors",3575 Shenton Rd.,Nanaimo,BC,V9T 2H1,(250) 802-2518,N/A,http://www.vigranite.ca
764,Vining Senini Law,Legal Services,"PO Box 190, 30 Front St",Nanaimo,BC,V9R 5K9,(250) 754-1234,(250) 754-8080,https://viningsenini.com
869,Vinyl Record Guru Music Consulting,Retail,N/A,Nanaimo,BC,N/A,(250) 754-4014,(250) 754-4014,http://vinylrecordguru.com/
1926,VitaCare Natural Health Clinic,Health Care & Personal Services,2147 Bowen Road,Nanaimo,BC,V9S 1H8,(250) 585-2150,N/A,http://www.vita-care.ca
2154,"VIU -  High School,  Vancouver Island University",Education,"900 Fifth St., Bldg 350",Nanaimo,BC,V9R 5S5,(250) 740-6317,(250) 740-6470,http://www.viu.ca/highschool
3287,"VIU -  Students' Union,  Vancouver Island University",Education,193-900 Fifth Street,Nanaimo,BC,V9R 5S5,(250) 754-8866,N/A,http://www.viu.ca
1375,"VIU -  VP Academic and Provost,  Vancouver Island University",Education,900 Fifth St.,Nanaimo,BC,V9R 5S5,(250) 740-6104,(250) 740-6451,http://www.viu.ca/vpacademic
426,"VIU - Faculty of Trades and Applied Technology, Vancouver Island University",Education,900 Fifth St.,Nanaimo,BC,V9R 5S5,(250) 740-6121,N/A,http://www.viu.ca/tat
2003,"VIU - MBA Program and Internship, Vancouver Island University",Education,900 - 5th Street,Nanaimo,BC,V9R 5S5,(250) 740-6364,(250) 740-6452,http://www.viu.ca
1360,VSP Media,Creative Services,217 Concordia Place,Nanaimo,BC,V9R 6A9,(250) 714-3157,N/A,http://www.vspmedia.com
5682,Vancouver Island Events,Professional Services,525 Steeves Road,Nanaimo,BC,V9R 0H8,(778) 674-3377,N/A,http://vievents.ca/vie_en.html
5607,Vancouver Island Market,Arts & Entertainment,N/A,N/A,N/A,N/A,(604) 757-9602,N/A,http://www.vancouverislandmarket.com
3352,Vancouver Island Mental Health Society,Community Service,2356 Rosstown Road,Nanaimo,BC,V9T 3R7,250 756-9205,(250) 756-9265,http://www.vancouverislandmentalhealthsociety.org
5828,Vancouver Island Regional Library,Government,90 Commercial Street,Nanaimo ,British Columbia,V9R 5G4,250-327-1291,N/A,http://www.virl.bc.ca
5575,Vancouver Island Whale Watch,Marine,2-70 Church Street,Nanaimo,BC,V9R 5H4,(250) 667-5177,N/A,http://www.vancouverislandwhalewatch.com
5619,Van-Isle Values,Advertising & Media,2465 Oriole Dr.,Nanaimo,BC,V9T 3P2,(250) 751-8611,N/A,http://www.VanIsleValues.com
3482,VI Homes Group,Real Estate & Property Management,N/A,Nanaimo,BC,V9S 1H8 ,(250) 933-5333,N/A,http://www.vihomes.ca
4558,VITV - Vancouver Island Internet TV,Creative Services,5342 Somerset Drive,Nanaimo,BC,V9S 1H8 ,(250) 802-9558,N/A,http://www.vitv.ca
5661,"VIU - Initiatives Trust,  Vancouver Island University",Real Estate & Property Management,"Room 112, Building 300",Nanaimo ,BC,V9R 5S5,(250) 618-7172,N/A,N/A
429,"VIU - Student Affairs,  Vancouver Island University",Education,Building 310,Nanaimo,BC,V9R 5S5,(250) 740-6212,(250) 740-6491,http://www.viu.ca/giving/index.asp
431,VIU - University Relations - Vancouver Island University,Education,900 Fifth Street,Nanaimo,BC,V9R 5S5,(250) 740-6161,(250) 740-6452,http://www.viu.ca
4521,VIU - Vancouver Island University,Education,900 Fifth Street,Nanaimo,BC,V9R 5S5,(250) 740-6617,N/A,http://www.viu.ca
2109,Wallace Driving School Ltd.,Education,"1814 Vancouver St,",Victoria,BC,V8T 5E3,(250) 755-1331,(250) 590-8750,http://www.wallacedrivingschool.com
2238,Watts Mowing & Landscaping,"Construction, Materials, Contractors",3124 Mexicana Rd.,Nanaimo,BC,V9T 2W7,(250) 816-1973,N/A,http://www.wattsmowing.com
774,"WAVE 102.3 FM Radio,The",Advertising & Media,4550 Wellington Rd.,Nanaimo,BC,V9T 2H3,(250) 758-1131,(250) 751-1399,http://www.islandradio.bc.ca
329,Waypoint Insurance,Insurance ,601 - 5800 Turner Rd,Nanaimo,BC,V9T 6J4,(250) 751-2966,(250) 751-2965,http://www.waypointinsurance.ca
779,Welcome Wagon,Community Service,179 Black Powder Trail,Nanaimo,BC,V9S 3G4,(250) 756-9794,(250) 756-9794,http://www.welcomewagon.ca
995,Wellington Hotel & Liquor Store,"Restaurants, Food & Beverage",3956 Victoria Ave.,Nanaimo,BC,V9T 2A2,(250) 758-5513,N/A,http://thewellnanaimo.com/
532,Wenner Group,"Construction, Materials, Contractors",Unit 101 - 1934 Boxwood Road,Nanaimo,BC,V9S 5Y2,(250) 758-2231,(250) 758-2236,http://www.wenner.ca
782,West Coast Chrome Inc,"Construction, Materials, Contractors",4364 Wellington Rd,Nanaimo,BC,V9T 2H3,(250) 758-6042,(250) 758-6048,http://www.westcoastchrome.ca/
2139,Western Financial Group - Bowen Rd,Finance,20-2220 Bowen Rd.,Nanaimo,BC,V9S 1H9,(250) 758-3343,(250) 758-1066,http://www.westernfinancialgroup.ca
2140,Western Financial Group - Fifth St,Finance,202-550 Fifth St.,Nanaimo,BC,V9R 1P1,(250) 755-1411,(250) 755-1703,http://www.westernfinancialgroup.ca
1413,Western Maritime Institute ,Marine,3519 Hallberg Rd.,Ladysmith,BC,V9G 1K1,(250) 245-4455,(250) 245-8881,http://www.maritimeed.com
807,Westland Insurance,Insurance ,8 - 1533 Estevan Rd.,Nanaimo,BC,V9S 3Y3,(250) 754-8787,(250) 741-1541,https://www.westlandinsurance.ca
1586,Westmark Construction Ltd.,"Construction, Materials, Contractors",1 - 2535 McCullough Rd.,Nanaimo,BC,V9S 4M9,(250) 729-7540,(250) 729-7549,http://www.westmarkconstruction.ca
1244,Whale Enterprises Ltd.,Retail,1 - 6404 Metral Dr.,Nanaimo,BC,V9T 2L8,(250) 390-1727,(250) 390-1747,http://northgatelrs.com/
1307,Widsten Property Management Inc.,Real Estate & Property Management,100 - 319 Selby St.,Nanaimo,BC,V9R 2R4,(250) 753-8200,(250) 753-8290,http://www.islandrent.com
904,WildPlay Element Parks,Sports & Recreation,35 Nanaimo River Rd.,Nanaimo,BC,V9X 1S5,1-855-595-2251 x 301,(250) 755-1196,https://wildplay.com/nanaimo
794,William R. Rutledge Notary Public,Legal Services,107-5070 Uplands Dr.,Nanaimo,BC,V9T 6N1,(250) 756-4900,(250) 756-4920,N/A
3278,WinMar Nanaimo,"Construction, Materials, Contractors",#303 - 4300 Wellington Road,Nanaimo,BC,V9T 2H3,(250) 758-9899,(250) 751-1782,http://www.winmar.ca
2114,Wits End Solutions,Professional Services,#208 - 3150 Island Highway North,Nanaimo,BC,V9T 5V4,(250) 390-4356,N/A,http://www.witsendsolutions.ca
800,"WOLF 106.9 FM Radio, The",Advertising & Media,4550 Wellington Rd,Nanaimo,BC,V9T 2H3,(250) 758-1131,(250) 751-1399,http://www.islandradio.bc.ca
801,Woodgrove Centre - Ivanhoe Cambridge Inc.,Retail,Administration Office,Nanaimo,BC,V9T 4T7,(250) 390-2721,(250) 390-2005,http://www.woodgrovecentre.com
975,Woodgrove Chrysler,Automotive,6800 Island Hwy. N.,Nanaimo,BC,V9V 1A3,(250) 390-3030,(250) 390-4016,http://www.woodgrovechrysler.com
5644,WorkWrite Consulting,Professional Services,"501C, 65 Front Street",Nanaimo,BC,V9R 5H9,(250) 740-1221,N/A,http://www.workwrite.ca
5821,Wahid Ali - IA Securities ,Finance,75 Commercial Street ,Nanaimo,BC,V9R 5G3,(778) 441-2500,N/A,N/A
5668,West Coast Coffee,"Restaurants, Food & Beverage",702 Haliburton St,Nanaimo,BC,V9R 4W7,(250) 754-9653,N/A,http://www.westcoastcoffee.ca
5571,West Coast Helicopters,Travel & Accommodation,1985 Boxwood Road,Nanaimo,B.C.,V9S 5X9,(250) 754-5448,N/A,http://www.westcoasthelicopters.com
4540,Western Canada Marine Response Corp.,Marine,206 - 3500 Gilmore Way,Burnaby,BC,V5G 0B8,(604) 294-6001,N/A,http://wcmrc.com
2155,N/A,N/A,N/A,N/A,N/A,N/A,N/A,N/A,N/A
4550,Wilson's Group of Companies    ,Travel & Accommodation,2230 McGarrigle Road,Nanaimo,BC,V9S 4M4,(250) 588-4571,N/A,http://www.gowilsonsgroup.com
1227,Wingren NuFloors,"Construction, Materials, Contractors",1612 Northfield Rd.,Nanaimo,BC,V9S 3A7,(250) 758-3914,(250) 758-6722,http://www.wingrenfloors.com
5658,Write Spot,Creative Services,220 Finlayson Street,Nanaimo,BC,V9R 2P7,(250) 753-4713,N/A,http://writespot.ca
5855,Xtend Rentals & Safety,"Construction, Materials, Contractors",1030 Oyster Bay Drive,Ladysmith,BC,V9G 1A6,(250) 924-2024,N/A,http://xtendrentals.com
1519,Yellow Bird Arts Gallery,Arts & Entertainment,13 - 3200 Island Hwy.,Nanaimo,BC,V9T 1W1,(250) 758-2480,N/A,http://www.yellowbirdartsgallery.com
1301,Young Professionals of Nanaimo,Community Service,"PO Box 291, Stn A",Nanaimo,BC,V9R 5K9,(250) 667-4292,(250) 754-7692,http://www.ypnanaimo.com
5569,Zeni Maartman,Individual,6581 Aulds Road,Nanaimo ,British Columbia ,V9T6J6 ,(250) 390-7702,N/A,N/A
